[Error  :   BepInEx] Unable to start Unity log writer
[Info   :   BepInEx] Running under Unity v6000.2.9.14730471
[Info   :   BepInEx] CLR runtime version: 4.0.30319.42000
[Info   :   BepInEx] Supports SRE: True
[Info   :   BepInEx] System platform: Bits64, Windows
[Info   :   BepInEx] Loaded 1 patcher method from [BepInEx.Preloader 5.4.23.4]
[Info   :   BepInEx] Loaded 1 patcher method from [catrice.ModLBoL 0.1.3.0]
[Info   :   BepInEx] 2 patcher plugins loaded
[Info   :   BepInEx] Patching [UnityEngine.CoreModule] with [BepInEx.Chainloader]
[Info   :   ModLBoL] [ModLBoL] Loaded profile from C:\Users\Administrator\AppData\LocalLow\AliothStudio\LBoL\76561199083788102\Profiles\Default.json: Default
[Info   :   ModLBoL] [ModLBoL] Deleted profile info file at D:\steam\steamapps\common\LBoL\Profile.txt
[Warning:   ModLBoL] [ModLBoL] CheckDir D:\steam\steamapps\workshop\content\1140150\3483706823\BepInEx\patchers\catrice.ModLBoL.dll\..\..\..\...
[Warning:   ModLBoL] [ModLBoL] CheckDir D:\steam\steamapps\common\LBoL\Mods.
[Warning:   ModLBoL] [ModLBoL] Check mod at D:\steam\steamapps\workshop\content\1140150\3483706823\BepInEx\patchers\catrice.ModLBoL.dll\..\..\..\..\3483706823\modinfo.json.
[Info   :   ModLBoL] [ModLBoL] Enabled mod found: BepInEx (BepInEx-BepInExPack-5.4.2100) at D:\steam\steamapps\workshop\content\1140150\3483706823\BepInEx\patchers\catrice.ModLBoL.dll\..\..\..\..\3483706823
[Warning:   ModLBoL] [ModLBoL] Check mod at D:\steam\steamapps\common\LBoL\Mods\1\modinfo.json.
[Info   :   ModLBoL] [ModLBoL] Found 1 enabled mods
[Info   :  HarmonyX] ### Harmony id=com.catrice.ModLBoL, version=2.9.0.0, location=D:\steam\steamapps\workshop\content\1140150\3483706823\BepInEx\core\0Harmony.dll, env/clr=4.0.30319.42000, platform=Win32NT, ptrsize:runtime/env=8/Bits64, Windows
### Started from static void catrice.ModLBoL.EntryPoint::Finish(), location D:\steam\steamapps\workshop\content\1140150\3483706823\BepInEx\patchers\catrice.ModLBoL.dll
### At 2026-01-29 07.07.20
[Info   :  HarmonyX] Patching static System.Collections.Generic.Dictionary<string, System.Collections.Generic.List<BepInEx.PluginInfo>> BepInEx.Bootstrap.TypeLoader::FindPluginTypes(string directory, System.Func<Mono.Cecil.TypeDefinition, BepInEx.PluginInfo> typeSelector, System.Func<Mono.Cecil.AssemblyDefinition, bool> assemblyFilter, string cacheName) with 0 prefixes, 1 postfixes, 0 transpilers, 0 finalizers
1 postfixes:
* static void catrice.ModLBoL.Hooks::Postfix(System.Collections.Generic.Dictionary`2[[System.String, mscorlib, Version=4.0.0.0, Culture=neutral, PublicKeyToken=b77a5c561934e089],[System.Collections.Generic.List`1[[BepInEx.PluginInfo, BepInEx, Version=5.4.23.4, Culture=neutral, PublicKeyToken=null]], mscorlib, Version=4.0.0.0, Culture=neutral, PublicKeyToken=b77a5c561934e089]]& __result, string directory, Func`2& typeSelector, Func`2& assemblyFilter, string cacheName)

[Info   :  HarmonyX] Running ILHook manipulator on static System.Collections.Generic.Dictionary<string, System.Collections.Generic.List<BepInEx.PluginInfo>> BepInEx.Bootstrap.TypeLoader::FindPluginTypes(string directory, System.Func<Mono.Cecil.TypeDefinition, BepInEx.PluginInfo> typeSelector, System.Func<Mono.Cecil.AssemblyDefinition, bool> assemblyFilter, string cacheName)
[Info   :  HarmonyX] Writing postfixes
[Info   :   ModLBoL] [ModLBoL] Loaded com.catrice.ModLBoL
[Message:   BepInEx] Chainloader ready
[Message:   BepInEx] Chainloader started
[Info   :   ModLBoL] [ModLBoL] 正在扫描子目录 D:\steam\steamapps\workshop\content\1140150\3483706823\BepInEx\patchers\catrice.ModLBoL.dll\..\..\..\..\3483706823 D:\steam\steamapps\workshop\content\1140150\3483706823
[Info   :   ModLBoL] Defer Mod Info created.
[Info   :   ModLBoL] [ModLBoL] Delay Mod Info started.
[Info   :   BepInEx] 1 plugin to load
[Info   :   BepInEx] Loading [Network Plugin 1.0.1]
[Info   :  HarmonyX] ### Harmony id=pixels.lbol.mods.networkmod, version=2.9.0.0, location=D:\steam\steamapps\workshop\content\1140150\3483706823\BepInEx\core\0Harmony.dll, env/clr=4.0.30319.42000, platform=Win32NT, ptrsize:runtime/env=8/Bits64, Windows
### Started from static void NetworkPlugin.PluginInfo::.cctor(), location D:\steam\steamapps\workshop\content\1140150\3483706823\BepInEx\plugins\NetworkPlugin.dll
### At 2026-01-29 07.07.21
[Info   :Network Plugin] Plugin NetworkPlugin is loaded!
[Info   :Network Plugin] 配置管理器已初始化
[Info   :Network Plugin] [ReconnectionManager] Initialized
[Info   :Network Plugin] [MidGameJoinManager] Initialized
[Info   :  HarmonyX] Patching LBoL.Core.DamageInfo LBoL.Core.Battle.BattleController::Damage(LBoL.Core.Units.Unit source, LBoL.Core.Units.Unit target, LBoL.Core.DamageInfo info, LBoL.Core.GameEntity actionSource) with 0 prefixes, 1 postfixes, 0 transpilers, 0 finalizers
1 postfixes:
* static void NetworkPlugin.Patch.BattleController_Patch::Damage_Postfix(LBoL.Core.Battle.BattleController __instance, LBoL.Core.Units.Unit source, LBoL.Core.Units.Unit target, LBoL.Core.DamageInfo info, LBoL.Core.GameEntity actionSource, LBoL.Core.DamageInfo __result)

[Info   :  HarmonyX] Running ILHook manipulator on LBoL.Core.DamageInfo LBoL.Core.Battle.BattleController::Damage(LBoL.Core.Units.Unit source, LBoL.Core.Units.Unit target, LBoL.Core.DamageInfo info, LBoL.Core.GameEntity actionSource)
[Info   :  HarmonyX] Writing postfixes
[Info   :  HarmonyX] Patching LBoL.Core.StatusEffects.StatusEffectAddResult? LBoL.Core.Battle.BattleController::TryAddStatusEffect(LBoL.Core.Units.Unit target, LBoL.Core.StatusEffects.StatusEffect effect) with 0 prefixes, 1 postfixes, 0 transpilers, 0 finalizers
1 postfixes:
* static void NetworkPlugin.Patch.BattleController_Patch::TryAddStatusEffect_Postfix(LBoL.Core.Battle.BattleController __instance, LBoL.Core.Units.Unit target, LBoL.Core.StatusEffects.StatusEffect effect, LBoL.Core.StatusEffects.StatusEffectAddResult? __result)

[Info   :  HarmonyX] Running ILHook manipulator on LBoL.Core.StatusEffects.StatusEffectAddResult? LBoL.Core.Battle.BattleController::TryAddStatusEffect(LBoL.Core.Units.Unit target, LBoL.Core.StatusEffects.StatusEffect effect)
[Info   :  HarmonyX] Writing postfixes
[Info   :  HarmonyX] Patching bool LBoL.Core.Battle.BattleController::RemoveStatusEffect(LBoL.Core.Units.Unit target, LBoL.Core.StatusEffects.StatusEffect effect) with 0 prefixes, 1 postfixes, 0 transpilers, 0 finalizers
1 postfixes:
* static void NetworkPlugin.Patch.BattleController_Patch::RemoveStatusEffect_Postfix(LBoL.Core.Battle.BattleController __instance, LBoL.Core.Units.Unit target, LBoL.Core.StatusEffects.StatusEffect effect, bool __result)

[Info   :  HarmonyX] Running ILHook manipulator on bool LBoL.Core.Battle.BattleController::RemoveStatusEffect(LBoL.Core.Units.Unit target, LBoL.Core.StatusEffects.StatusEffect effect)
[Info   :  HarmonyX] Writing postfixes
[Info   :  HarmonyX] Patching int LBoL.Core.Battle.BattleController::Heal(LBoL.Core.Units.Unit target, int healValue) with 0 prefixes, 1 postfixes, 0 transpilers, 0 finalizers
1 postfixes:
* static void NetworkPlugin.Patch.BattleController_Patch::Heal_Postfix(LBoL.Core.Battle.BattleController __instance, LBoL.Core.Units.Unit target, int healValue, int __result)

[Info   :  HarmonyX] Running ILHook manipulator on int LBoL.Core.Battle.BattleController::Heal(LBoL.Core.Units.Unit target, int healValue)
[Info   :  HarmonyX] Writing postfixes
[Info   :  HarmonyX] Patching LBoL.Core.DamageInfo LBoL.Core.Battle.BattleController::Damage(LBoL.Core.Units.Unit source, LBoL.Core.Units.Unit target, LBoL.Core.DamageInfo info, LBoL.Core.GameEntity actionSource) with 0 prefixes, 2 postfixes, 0 transpilers, 0 finalizers
2 postfixes:
* static void NetworkPlugin.Patch.BattleController_Patch::Damage_Postfix(LBoL.Core.Battle.BattleController __instance, LBoL.Core.Units.Unit source, LBoL.Core.Units.Unit target, LBoL.Core.DamageInfo info, LBoL.Core.GameEntity actionSource, LBoL.Core.DamageInfo __result)
* static void NetworkPlugin.Patch.DeathPatches::Damage_Postfix(LBoL.Core.Battle.BattleController __instance)

[Info   :  HarmonyX] Running ILHook manipulator on LBoL.Core.DamageInfo LBoL.Core.Battle.BattleController::Damage(LBoL.Core.Units.Unit source, LBoL.Core.Units.Unit target, LBoL.Core.DamageInfo info, LBoL.Core.GameEntity actionSource)
[Info   :  HarmonyX] Writing postfixes
[Info   :  HarmonyX] Patching virtual void LBoL.Core.Units.Unit::Die() with 1 prefixes, 0 postfixes, 0 transpilers, 0 finalizers
1 prefixes:
* static bool NetworkPlugin.Patch.DeathPatches::Die_Prefix(LBoL.Core.Units.Unit __instance)

[Info   :  HarmonyX] Running ILHook manipulator on virtual void LBoL.Core.Units.Unit::Die()
[Info   :  HarmonyX] Writing prefixes
[Info   :  HarmonyX] Patching void LBoL.Core.Battle.BattleController::StartPlayerTurn() with 1 prefixes, 0 postfixes, 0 transpilers, 0 finalizers
1 prefixes:
* static bool NetworkPlugin.Patch.DeathPatches::StartPlayerTurn_Prefix(LBoL.Core.Battle.BattleController __instance)

[Info   :  HarmonyX] Running ILHook manipulator on void LBoL.Core.Battle.BattleController::StartPlayerTurn()
[Info   :  HarmonyX] Writing prefixes
[Info   :  HarmonyX] Patching void LBoL.Core.Battle.BattleController::RequestUseCard(LBoL.Core.Cards.Card card, LBoL.Core.UnitSelector selector, LBoL.Base.ManaGroup mana, bool kicker) with 1 prefixes, 0 postfixes, 0 transpilers, 0 finalizers
1 prefixes:
* static bool NetworkPlugin.Patch.DeathPatches::RequestUseCard_Prefix(LBoL.Core.Battle.BattleController __instance, LBoL.Core.Cards.Card card)

[Info   :  HarmonyX] Running ILHook manipulator on void LBoL.Core.Battle.BattleController::RequestUseCard(LBoL.Core.Cards.Card card, LBoL.Core.UnitSelector selector, LBoL.Base.ManaGroup mana, bool kicker)
[Info   :  HarmonyX] Writing prefixes
[Info   :  HarmonyX] Patching void LBoL.Core.Battle.BattleController::RequestEndPlayerTurn() with 1 prefixes, 0 postfixes, 0 transpilers, 0 finalizers
1 prefixes:
* static bool NetworkPlugin.Patch.DeathPatches::RequestEndPlayerTurn_Prefix(LBoL.Core.Battle.BattleController __instance)

[Info   :  HarmonyX] Running ILHook manipulator on void LBoL.Core.Battle.BattleController::RequestEndPlayerTurn()
[Info   :  HarmonyX] Writing prefixes
[Info   :  HarmonyX] Patching bool LBoL.Core.Battle.BattleController::get_BattleShouldEnd() with 0 prefixes, 1 postfixes, 0 transpilers, 0 finalizers
1 postfixes:
* static void NetworkPlugin.Patch.DeathPatches::BattleShouldEnd_Postfix(LBoL.Core.Battle.BattleController __instance, Boolean& __result)

[Info   :  HarmonyX] Running ILHook manipulator on bool LBoL.Core.Battle.BattleController::get_BattleShouldEnd()
[Info   :  HarmonyX] Writing postfixes
[Info   :  HarmonyX] Patching bool LBoL.Core.Battle.BattleController::get_IsWaitingPlayerInput() with 1 prefixes, 0 postfixes, 0 transpilers, 0 finalizers
1 prefixes:
* static bool NetworkPlugin.Patch.DeathPatches::IsWaitingPlayerInput_Prefix(LBoL.Core.Battle.BattleController __instance, Boolean& __result)

[Info   :  HarmonyX] Running ILHook manipulator on bool LBoL.Core.Battle.BattleController::get_IsWaitingPlayerInput()
[Info   :  HarmonyX] Writing prefixes
[Info   :  HarmonyX] Patching void LBoL.Core.Units.Unit::set_Status(LBoL.Core.Units.UnitStatus value) with 0 prefixes, 1 postfixes, 0 transpilers, 0 finalizers
1 postfixes:
* static void NetworkPlugin.Patch.DeathStateSyncPatch::OnUnitStatusChanged(LBoL.Core.Units.Unit __instance, LBoL.Core.Units.UnitStatus value)

[Info   :  HarmonyX] Running ILHook manipulator on void LBoL.Core.Units.Unit::set_Status(LBoL.Core.Units.UnitStatus value)
[Info   :  HarmonyX] Writing postfixes
[Info   :  HarmonyX] Patching void LBoL.Core.Units.Unit::set_Hp(int value) with 0 prefixes, 1 postfixes, 0 transpilers, 0 finalizers
1 postfixes:
* static void NetworkPlugin.Patch.DeathStateSyncPatch::OnPlayerHpChanged(LBoL.Core.Units.Unit __instance, int value)

[Info   :  HarmonyX] Running ILHook manipulator on void LBoL.Core.Units.Unit::set_Hp(int value)
[Info   :  HarmonyX] Writing postfixes
[Info   :  HarmonyX] Patching void LBoL.Core.Battle.BattleController::StartBattle() with 0 prefixes, 1 postfixes, 0 transpilers, 0 finalizers
1 postfixes:
* static void NetworkPlugin.Patch.GameEventDeathSyncPatch::OnBattleStart(LBoL.Core.Battle.BattleController __instance)

[Info   :  HarmonyX] Running ILHook manipulator on void LBoL.Core.Battle.BattleController::StartBattle()
[Info   :  HarmonyX] Writing postfixes
[Info   :  HarmonyX] Patching void LBoL.Core.Battle.BattleController::Leave() with 0 prefixes, 1 postfixes, 0 transpilers, 0 finalizers
1 postfixes:
* static void NetworkPlugin.Patch.GameEventDeathSyncPatch::OnBattleEnd(LBoL.Core.Battle.BattleController __instance)

[Info   :  HarmonyX] Running ILHook manipulator on void LBoL.Core.Battle.BattleController::Leave()
[Info   :  HarmonyX] Writing postfixes
[Info   :  HarmonyX] Patching void LBoL.Core.Battle.BattleController::EndBattle() with 0 prefixes, 1 postfixes, 0 transpilers, 0 finalizers
1 postfixes:
* static void NetworkPlugin.Patch.GameEventDeathSyncPatch::OnBattleEndBattle(LBoL.Core.Battle.BattleController __instance)

[Info   :  HarmonyX] Running ILHook manipulator on void LBoL.Core.Battle.BattleController::EndBattle()
[Info   :  HarmonyX] Writing postfixes
[Info   :  HarmonyX] Patching void LBoL.Presentation.UI.Panels.MainMenuPanel::RefreshProfile() with 0 prefixes, 1 postfixes, 0 transpilers, 0 finalizers
1 postfixes:
* static void NetworkPlugin.Patch.UI.ExitGamePatch::MainMenuPanel_RefreshProfile_Postfix(LBoL.Presentation.UI.Panels.MainMenuPanel __instance)

[Info   :  HarmonyX] Running ILHook manipulator on void LBoL.Presentation.UI.Panels.MainMenuPanel::RefreshProfile()
[Info   :  HarmonyX] Writing postfixes
[Info   :  HarmonyX] Patching void LBoL.Presentation.UI.Panels.MainMenuPanel::UI_AbandonGameClicked() with 1 prefixes, 0 postfixes, 0 transpilers, 0 finalizers
1 prefixes:
* static bool NetworkPlugin.Patch.UI.ExitGamePatch::MainMenuPanel_UI_AbandonGameClicked_Prefix()

[Info   :  HarmonyX] Running ILHook manipulator on void LBoL.Presentation.UI.Panels.MainMenuPanel::UI_AbandonGameClicked()
[Info   :  HarmonyX] Writing prefixes
[Info   :  HarmonyX] Patching void LBoL.Presentation.UI.Panels.MainMenuPanel::UI_QuitGame() with 1 prefixes, 0 postfixes, 0 transpilers, 0 finalizers
1 prefixes:
* static bool NetworkPlugin.Patch.UI.ExitGamePatch::MainMenuPanel_UI_QuitGame_Prefix()

[Info   :  HarmonyX] Running ILHook manipulator on void LBoL.Presentation.UI.Panels.MainMenuPanel::UI_QuitGame()
[Info   :  HarmonyX] Writing prefixes
[Info   :  HarmonyX] Patching void LBoL.Presentation.UI.Panels.SettingPanel::UI_LeaveGameRun() with 1 prefixes, 0 postfixes, 0 transpilers, 0 finalizers
1 prefixes:
* static bool NetworkPlugin.Patch.UI.ExitGamePatch::SettingPanel_UI_LeaveGameRun_Prefix()

[Info   :  HarmonyX] Running ILHook manipulator on void LBoL.Presentation.UI.Panels.SettingPanel::UI_LeaveGameRun()
[Info   :  HarmonyX] Writing prefixes
[Info   :  HarmonyX] Patching void LBoL.Presentation.UI.Panels.SettingPanel::UI_Quit() with 1 prefixes, 0 postfixes, 0 transpilers, 0 finalizers
1 prefixes:
* static bool NetworkPlugin.Patch.UI.ExitGamePatch::SettingPanel_UI_Quit_Prefix()

[Info   :  HarmonyX] Running ILHook manipulator on void LBoL.Presentation.UI.Panels.SettingPanel::UI_Quit()
[Info   :  HarmonyX] Writing prefixes
[Info   :  HarmonyX] Patching static bool LBoL.Presentation.GameMaster::OnWantsToQuit() with 1 prefixes, 0 postfixes, 0 transpilers, 0 finalizers
1 prefixes:
* static bool NetworkPlugin.Patch.UI.ExitGamePatch::GameMaster_OnWantsToQuit_Prefix(Boolean& __result)

[Info   :  HarmonyX] Running ILHook manipulator on static bool LBoL.Presentation.GameMaster::OnWantsToQuit()
[Info   :  HarmonyX] Writing prefixes
[Info   :  HarmonyX] Patching static void LBoL.Presentation.GameMaster::QuitGame() with 1 prefixes, 0 postfixes, 0 transpilers, 0 finalizers
1 prefixes:
* static bool NetworkPlugin.Patch.UI.ExitGamePatch::GameMaster_QuitGame_Prefix()

[Info   :  HarmonyX] Running ILHook manipulator on static void LBoL.Presentation.GameMaster::QuitGame()
[Info   :  HarmonyX] Writing prefixes
[Info   :  HarmonyX] Patching void LBoL.Presentation.UI.Panels.MainMenuPanel::Awake() with 0 prefixes, 1 postfixes, 0 transpilers, 0 finalizers
1 postfixes:
* static void NetworkPlugin.Patch.UI.MainMenuMultiplayerEntryPatch::MainMenuPanel_Awake_Postfix(LBoL.Presentation.UI.Panels.MainMenuPanel __instance)

[Info   :  HarmonyX] Running ILHook manipulator on void LBoL.Presentation.UI.Panels.MainMenuPanel::Awake()
[Info   :  HarmonyX] Writing postfixes
[Info   :  HarmonyX] Patching void LBoL.Presentation.UI.Panels.MainMenuPanel::RefreshProfile() with 0 prefixes, 2 postfixes, 0 transpilers, 0 finalizers
2 postfixes:
* static void NetworkPlugin.Patch.UI.ExitGamePatch::MainMenuPanel_RefreshProfile_Postfix(LBoL.Presentation.UI.Panels.MainMenuPanel __instance)
* static void NetworkPlugin.Patch.UI.MainMenuMultiplayerEntryPatch::MainMenuPanel_RefreshProfile_Postfix(LBoL.Presentation.UI.Panels.MainMenuPanel __instance)

[Info   :  HarmonyX] Running ILHook manipulator on void LBoL.Presentation.UI.Panels.MainMenuPanel::RefreshProfile()
[Info   :  HarmonyX] Writing postfixes
[Info   :  HarmonyX] Patching virtual void LBoL.Presentation.UI.Panels.MainMenuPanel::OnLocaleChanged() with 0 prefixes, 1 postfixes, 0 transpilers, 0 finalizers
1 postfixes:
* static void NetworkPlugin.Patch.UI.MainMenuMultiplayerEntryPatch::MainMenuPanel_OnLocaleChanged_Postfix(LBoL.Presentation.UI.Panels.MainMenuPanel __instance)

[Info   :  HarmonyX] Running ILHook manipulator on virtual void LBoL.Presentation.UI.Panels.MainMenuPanel::OnLocaleChanged()
[Info   :  HarmonyX] Writing postfixes
[Info   :  HarmonyX] Patching void LBoL.Presentation.UI.Panels.StartGamePanel::Awake() with 0 prefixes, 1 postfixes, 0 transpilers, 0 finalizers
1 postfixes:
* static void NetworkPlugin.Patch.UI.MainMenuMultiplayerEntryPatch::StartGamePanel_Awake_Postfix(LBoL.Presentation.UI.Panels.StartGamePanel __instance)

[Info   :  HarmonyX] Running ILHook manipulator on void LBoL.Presentation.UI.Panels.StartGamePanel::Awake()
[Info   :  HarmonyX] Writing postfixes
[Info   :  HarmonyX] Patching virtual void LBoL.Presentation.UI.Panels.StartGamePanel::OnShowing(LBoL.Presentation.UI.Panels.StartGameData data) with 0 prefixes, 1 postfixes, 0 transpilers, 0 finalizers
1 postfixes:
* static void NetworkPlugin.Patch.UI.MainMenuMultiplayerEntryPatch::StartGamePanel_OnShowing_Postfix(LBoL.Presentation.UI.Panels.StartGamePanel __instance, LBoL.Presentation.UI.Panels.StartGameData data)

[Info   :  HarmonyX] Running ILHook manipulator on virtual void LBoL.Presentation.UI.Panels.StartGamePanel::OnShowing(LBoL.Presentation.UI.Panels.StartGameData data)
[Info   :  HarmonyX] Writing postfixes
[Info   :  HarmonyX] Patching void LBoL.Presentation.UI.Panels.MainMenuPanel::UI_RestoreGameClicked() with 1 prefixes, 0 postfixes, 0 transpilers, 0 finalizers
1 prefixes:
* static bool NetworkPlugin.Patch.UI.MainMenuRestoreMultiplayerPatch::MainMenuPanel_UI_RestoreGameClicked_Prefix()

[Info   :  HarmonyX] Running ILHook manipulator on void LBoL.Presentation.UI.Panels.MainMenuPanel::UI_RestoreGameClicked()
[Info   :  HarmonyX] Writing prefixes
[Info   :  HarmonyX] Patching bool LBoL.Presentation.Units.UnitView::TryPlayEffectLoop(string effectName) with 1 prefixes, 0 postfixes, 0 transpilers, 0 finalizers
1 prefixes:
* static bool NetworkPlugin.Patch.UI.MoodSwitchRenderPatches::UnitView_TryPlayEffectLoop_Prefix(LBoL.Presentation.Units.UnitView __instance, string effectName, Boolean& __result)

[Info   :  HarmonyX] Running ILHook manipulator on bool LBoL.Presentation.Units.UnitView::TryPlayEffectLoop(string effectName)
[Info   :  HarmonyX] Writing prefixes
[Info   :  HarmonyX] Patching void LBoL.Presentation.Units.UnitView::SendEffectMessage(string effectName, string message, object args) with 1 prefixes, 0 postfixes, 0 transpilers, 0 finalizers
1 prefixes:
* static bool NetworkPlugin.Patch.UI.MoodSwitchRenderPatches::UnitView_SendEffectMessage_Prefix(LBoL.Presentation.Units.UnitView __instance, string effectName, string message, object args)

[Info   :  HarmonyX] Running ILHook manipulator on void LBoL.Presentation.Units.UnitView::SendEffectMessage(string effectName, string message, object args)
[Info   :  HarmonyX] Writing prefixes
[Info   :  HarmonyX] Patching void LBoL.Presentation.Units.UnitView::EndEffectLoop(string effectName, bool instant) with 1 prefixes, 0 postfixes, 0 transpilers, 0 finalizers
1 prefixes:
* static bool NetworkPlugin.Patch.UI.MoodSwitchRenderPatches::UnitView_EndEffectLoop_Prefix(LBoL.Presentation.Units.UnitView __instance, string effectName, bool instant)

[Info   :  HarmonyX] Running ILHook manipulator on void LBoL.Presentation.Units.UnitView::EndEffectLoop(string effectName, bool instant)
[Info   :  HarmonyX] Writing prefixes
[Info   :  HarmonyX] Patching void LBoL.Presentation.Units.GameDirector::Update() with 0 prefixes, 1 postfixes, 0 transpilers, 0 finalizers
1 postfixes:
* static void NetworkPlugin.Patch.UI.OtherPlayersOverlayPatch::GameDirector_Update_Postfix()

[Info   :  HarmonyX] Running ILHook manipulator on void LBoL.Presentation.Units.GameDirector::Update()
[Info   :  HarmonyX] Writing postfixes
[Info   :  HarmonyX] Patching void LBoL.Presentation.Units.GameDirector::MasterTick() with 0 prefixes, 1 postfixes, 0 transpilers, 0 finalizers
1 postfixes:
* static void NetworkPlugin.Patch.UI.OtherPlayersOverlayPatch::GameDirector_MasterTick_Postfix()

[Info   :  HarmonyX] Running ILHook manipulator on void LBoL.Presentation.Units.GameDirector::MasterTick()
[Info   :  HarmonyX] Writing postfixes
[Info   :  HarmonyX] Patching void LBoL.Presentation.UI.Panels.MapPanel::UpdateMapNodesStatus() with 0 prefixes, 1 postfixes, 0 transpilers, 0 finalizers
1 postfixes:
* static void NetworkPlugin.Patch.UI.OtherPlayersOverlayPatch::MapPanel_UpdateMapNodesStatus_Postfix(LBoL.Presentation.UI.Panels.MapPanel __instance)

[Info   :  HarmonyX] Running ILHook manipulator on void LBoL.Presentation.UI.Panels.MapPanel::UpdateMapNodesStatus()
[Info   :  HarmonyX] Writing postfixes
[Info   :  HarmonyX] Patching void LBoL.Presentation.UI.Widgets.TargetSelector::UpdateSingleEnemy() with 0 prefixes, 1 postfixes, 0 transpilers, 0 finalizers
1 postfixes:
* static void NetworkPlugin.Patch.UI.PlayerTargeterPatch::TargetSelector_UpdateSingleEnemy_Postfix(LBoL.Presentation.UI.Widgets.TargetSelector __instance)

[Info   :  HarmonyX] Running ILHook manipulator on void LBoL.Presentation.UI.Widgets.TargetSelector::UpdateSingleEnemy()
[Info   :  HarmonyX] Writing postfixes
[Info   :  HarmonyX] Patching LBoL.Core.Units.EnemyUnit LBoL.Presentation.UI.Widgets.TargetSelector::GetPointedEnemy(UnityEngine.Vector2 screenPosition) with 1 prefixes, 0 postfixes, 0 transpilers, 0 finalizers
1 prefixes:
* static bool NetworkPlugin.Patch.UI.PlayerTargeterPatch::TargetSelector_GetPointedEnemy_Prefix(UnityEngine.Vector2 screenPosition, LBoL.Core.Units.EnemyUnit& __result)

[Info   :  HarmonyX] Running ILHook manipulator on LBoL.Core.Units.EnemyUnit LBoL.Presentation.UI.Widgets.TargetSelector::GetPointedEnemy(UnityEngine.Vector2 screenPosition)
[Info   :  HarmonyX] Writing prefixes
[Info   :  HarmonyX] Patching void LBoL.Presentation.UI.Widgets.TargetSelector::EnableSelector(LBoL.Presentation.UI.ExtraWidgets.HandCard hand) with 0 prefixes, 1 postfixes, 0 transpilers, 0 finalizers
1 postfixes:
* static void NetworkPlugin.Patch.UI.PlayerTargeterPatch::TargetSelector_EnableSelector_Hand_Postfix(LBoL.Presentation.UI.ExtraWidgets.HandCard hand)

[Info   :  HarmonyX] Running ILHook manipulator on void LBoL.Presentation.UI.Widgets.TargetSelector::EnableSelector(LBoL.Presentation.UI.ExtraWidgets.HandCard hand)
[Info   :  HarmonyX] Writing postfixes
[Info   :  HarmonyX] Patching void LBoL.Presentation.UI.Widgets.TargetSelector::EnableSelector(LBoL.Core.Units.UltimateSkill us, UnityEngine.Vector3 fromWorldPosition) with 0 prefixes, 1 postfixes, 0 transpilers, 0 finalizers
1 postfixes:
* static void NetworkPlugin.Patch.UI.PlayerTargeterPatch::TargetSelector_EnableSelector_Us_Postfix(LBoL.Core.Units.UltimateSkill us)

[Info   :  HarmonyX] Running ILHook manipulator on void LBoL.Presentation.UI.Widgets.TargetSelector::EnableSelector(LBoL.Core.Units.UltimateSkill us, UnityEngine.Vector3 fromWorldPosition)
[Info   :  HarmonyX] Writing postfixes
[Info   :  HarmonyX] Patching void LBoL.Presentation.UI.Widgets.TargetSelector::EnableSelector(LBoL.Core.Units.Doll doll, UnityEngine.Vector3 fromWorldPosition) with 0 prefixes, 1 postfixes, 0 transpilers, 0 finalizers
1 postfixes:
* static void NetworkPlugin.Patch.UI.PlayerTargeterPatch::TargetSelector_EnableSelector_Doll_Postfix(LBoL.Core.Units.Doll doll)

[Info   :  HarmonyX] Running ILHook manipulator on void LBoL.Presentation.UI.Widgets.TargetSelector::EnableSelector(LBoL.Core.Units.Doll doll, UnityEngine.Vector3 fromWorldPosition)
[Info   :  HarmonyX] Writing postfixes
[Info   :  HarmonyX] Patching void LBoL.Presentation.UI.Widgets.TargetSelector::DisableSelector() with 1 prefixes, 0 postfixes, 0 transpilers, 0 finalizers
1 prefixes:
* static void NetworkPlugin.Patch.UI.PlayerTargeterPatch::TargetSelector_DisableSelector_Prefix()

[Info   :  HarmonyX] Running ILHook manipulator on void LBoL.Presentation.UI.Widgets.TargetSelector::DisableSelector()
[Info   :  HarmonyX] Writing prefixes
[Info   :  HarmonyX] Patching void LBoL.Presentation.Units.GameDirector::Update() with 0 prefixes, 2 postfixes, 0 transpilers, 0 finalizers
2 postfixes:
* static void NetworkPlugin.Patch.UI.OtherPlayersOverlayPatch::GameDirector_Update_Postfix()
* static void NetworkPlugin.Patch.UI.ShopTradeIconPatch::GameDirector_Update_Postfix()

[Info   :  HarmonyX] Running ILHook manipulator on void LBoL.Presentation.Units.GameDirector::Update()
[Info   :  HarmonyX] Writing postfixes
[Info   :  HarmonyX] Patching void LBoL.Presentation.Units.GameDirector::Update() with 0 prefixes, 3 postfixes, 0 transpilers, 0 finalizers
3 postfixes:
* static void NetworkPlugin.Patch.UI.OtherPlayersOverlayPatch::GameDirector_Update_Postfix()
* static void NetworkPlugin.Patch.UI.ShopTradeIconPatch::GameDirector_Update_Postfix()
* static void NetworkPlugin.Patch.Network.BattleReportForwardPatch::Postfix()

[Info   :  HarmonyX] Running ILHook manipulator on void LBoL.Presentation.Units.GameDirector::Update()
[Info   :  HarmonyX] Writing postfixes
[Info   :  HarmonyX] Patching virtual void LBoL.Core.Battle.BattleActions.StartRoundAction::MainPhase() with 1 prefixes, 1 postfixes, 0 transpilers, 0 finalizers
1 prefixes:
* static void NetworkPlugin.Patch.Network.EnemyIntentSyncPatch::StartRoundAction_MainPhase_Prefix()
1 postfixes:
* static void NetworkPlugin.Patch.Network.EnemyIntentSyncPatch::StartRoundAction_MainPhase_Postfix()

[Info   :  HarmonyX] Running ILHook manipulator on virtual void LBoL.Core.Battle.BattleActions.StartRoundAction::MainPhase()
[Info   :  HarmonyX] Writing prefixes
[Info   :  HarmonyX] Writing postfixes
[Info   :  HarmonyX] Patching void LBoL.Core.Units.EnemyUnit::UpdateTurnMoves() with 0 prefixes, 1 postfixes, 0 transpilers, 0 finalizers
1 postfixes:
* static void NetworkPlugin.Patch.Network.EnemyIntentSyncPatch::EnemyUnit_UpdateTurnMoves_Postfix(LBoL.Core.Units.EnemyUnit __instance)

[Info   :  HarmonyX] Running ILHook manipulator on void LBoL.Core.Units.EnemyUnit::UpdateTurnMoves()
[Info   :  HarmonyX] Writing postfixes
[Info   :  HarmonyX] Patching void LBoL.Presentation.Units.GameDirector::Update() with 0 prefixes, 4 postfixes, 0 transpilers, 0 finalizers
4 postfixes:
* static void NetworkPlugin.Patch.UI.OtherPlayersOverlayPatch::GameDirector_Update_Postfix()
* static void NetworkPlugin.Patch.UI.ShopTradeIconPatch::GameDirector_Update_Postfix()
* static void NetworkPlugin.Patch.Network.BattleReportForwardPatch::Postfix()
* static void NetworkPlugin.Patch.Network.MoodEffectSyncPatch::GameDirector_Update_Postfix()

[Info   :  HarmonyX] Running ILHook manipulator on void LBoL.Presentation.Units.GameDirector::Update()
[Info   :  HarmonyX] Writing postfixes
[Info   :  HarmonyX] Patching void LBoL.Presentation.Units.GameDirector::EnterBattle(LBoL.Core.Battle.BattleController battle) with 0 prefixes, 1 postfixes, 0 transpilers, 0 finalizers
1 postfixes:
* static void NetworkPlugin.Patch.Network.MoodEffectSyncPatch::GameDirector_EnterBattle_Postfix()

[Info   :  HarmonyX] Running ILHook manipulator on void LBoL.Presentation.Units.GameDirector::EnterBattle(LBoL.Core.Battle.BattleController battle)
[Info   :  HarmonyX] Writing postfixes
[Info   :  HarmonyX] Patching void LBoL.Presentation.Units.GameDirector::LeaveBattle(LBoL.Core.Battle.BattleController battle) with 0 prefixes, 1 postfixes, 0 transpilers, 0 finalizers
1 postfixes:
* static void NetworkPlugin.Patch.Network.MoodEffectSyncPatch::GameDirector_LeaveBattle_Postfix()

[Info   :  HarmonyX] Running ILHook manipulator on void LBoL.Presentation.Units.GameDirector::LeaveBattle(LBoL.Core.Battle.BattleController battle)
[Info   :  HarmonyX] Writing postfixes
[Info   :  HarmonyX] Patching bool LBoL.Presentation.Units.UnitView::TryPlayEffectLoop(string effectName) with 1 prefixes, 1 postfixes, 0 transpilers, 0 finalizers
1 prefixes:
* static bool NetworkPlugin.Patch.UI.MoodSwitchRenderPatches::UnitView_TryPlayEffectLoop_Prefix(LBoL.Presentation.Units.UnitView __instance, string effectName, Boolean& __result)
1 postfixes:
* static void NetworkPlugin.Patch.Network.MoodEffectSyncPatch::UnitView_TryPlayEffectLoop_Postfix(LBoL.Presentation.Units.UnitView __instance, string effectName, Boolean& __result)

[Info   :  HarmonyX] Running ILHook manipulator on bool LBoL.Presentation.Units.UnitView::TryPlayEffectLoop(string effectName)
[Info   :  HarmonyX] Writing prefixes
[Info   :  HarmonyX] Writing postfixes
[Info   :  HarmonyX] Patching void LBoL.Presentation.Units.UnitView::EndEffectLoop(string effectName, bool instant) with 2 prefixes, 0 postfixes, 0 transpilers, 0 finalizers
2 prefixes:
* static bool NetworkPlugin.Patch.UI.MoodSwitchRenderPatches::UnitView_EndEffectLoop_Prefix(LBoL.Presentation.Units.UnitView __instance, string effectName, bool instant)
* static void NetworkPlugin.Patch.Network.MoodEffectSyncPatch::UnitView_EndEffectLoop_Prefix(LBoL.Presentation.Units.UnitView __instance, string effectName, bool instant)

[Info   :  HarmonyX] Running ILHook manipulator on void LBoL.Presentation.Units.UnitView::EndEffectLoop(string effectName, bool instant)
[Info   :  HarmonyX] Writing prefixes
[Info   :  HarmonyX] Reverse patching static System.Collections.Generic.IEnumerable<LBoL.Core.Battle.BattleAction> NetworkPlugin.Patch.Network.RemoteCardUsePatch::Card_GetActions_Original(LBoL.Core.Cards.Card __instance, LBoL.Core.UnitSelector selector, LBoL.Base.ManaGroup consumingMana, LBoL.Core.Battle.Interaction precondition, bool kicker, bool summoning, System.Collections.Generic.IList<LBoL.Core.Battle.BattleActions.DamageAction> damageActions) with System.Collections.Generic.IEnumerable<LBoL.Core.Battle.BattleAction> LBoL.Core.Cards.Card::GetActions(LBoL.Core.UnitSelector selector, LBoL.Base.ManaGroup consumingMana, LBoL.Core.Battle.Interaction precondition, bool kicker, bool summoning, System.Collections.Generic.IList<LBoL.Core.Battle.BattleActions.DamageAction> damageActions)

[Info   :  HarmonyX] Patching System.Collections.Generic.IEnumerable<LBoL.Core.Battle.BattleAction> LBoL.Core.Cards.Card::GetActions(LBoL.Core.UnitSelector selector, LBoL.Base.ManaGroup consumingMana, LBoL.Core.Battle.Interaction precondition, bool kicker, bool summoning, System.Collections.Generic.IList<LBoL.Core.Battle.BattleActions.DamageAction> damageActions) with 1 prefixes, 0 postfixes, 0 transpilers, 0 finalizers
1 prefixes:
* static bool NetworkPlugin.Patch.Network.RemoteCardUsePatch::Card_GetActions_Prefix(LBoL.Core.Cards.Card __instance, LBoL.Core.UnitSelector selector, LBoL.Base.ManaGroup consumingMana, LBoL.Core.Battle.Interaction precondition, bool kicker, bool summoning, System.Collections.Generic.IList<LBoL.Core.Battle.BattleActions.DamageAction> damageActions, System.Collections.Generic.IEnumerable`1[[LBoL.Core.Battle.BattleAction, LBoL.Core, Version=0.0.0.0, Culture=neutral, PublicKeyToken=null]]& __result)

[Info   :  HarmonyX] Running ILHook manipulator on System.Collections.Generic.IEnumerable<LBoL.Core.Battle.BattleAction> LBoL.Core.Cards.Card::GetActions(LBoL.Core.UnitSelector selector, LBoL.Base.ManaGroup consumingMana, LBoL.Core.Battle.Interaction precondition, bool kicker, bool summoning, System.Collections.Generic.IList<LBoL.Core.Battle.BattleActions.DamageAction> damageActions)
[Info   :  HarmonyX] Writing prefixes
[Info   :  HarmonyX] Patching void LBoL.Core.Battle.BattleController::RequestUseCard(LBoL.Core.Cards.Card card, LBoL.Core.UnitSelector selector, LBoL.Base.ManaGroup mana, bool kicker) with 2 prefixes, 0 postfixes, 0 transpilers, 0 finalizers
2 prefixes:
* static bool NetworkPlugin.Patch.DeathPatches::RequestUseCard_Prefix(LBoL.Core.Battle.BattleController __instance, LBoL.Core.Cards.Card card)
* static bool NetworkPlugin.Patch.Network.RemoteCardUsePatch::BattleController_RequestUseCard_Prefix(LBoL.Core.Cards.Card card, LBoL.Core.UnitSelector selector)

[Info   :  HarmonyX] Running ILHook manipulator on void LBoL.Core.Battle.BattleController::RequestUseCard(LBoL.Core.Cards.Card card, LBoL.Core.UnitSelector selector, LBoL.Base.ManaGroup mana, bool kicker)
[Info   :  HarmonyX] Writing prefixes
[Info   :  HarmonyX] Patching void LBoL.Core.GameRunController::EnterNextStage() with 1 prefixes, 0 postfixes, 0 transpilers, 0 finalizers
1 prefixes:
* static void NetworkPlugin.Patch.MidGameJoin.JoinerStageIndexAlignPatch::GameRunController_EnterNextStage_Prefix(LBoL.Core.GameRunController __instance)

[Info   :  HarmonyX] Running ILHook manipulator on void LBoL.Core.GameRunController::EnterNextStage()
[Info   :  HarmonyX] Writing prefixes
[Info   :  HarmonyX] Patching static void LBoL.Presentation.GameMaster::StartGame(ulong? seed, LBoL.Core.GameDifficulty difficulty, LBoL.Core.PuzzleFlag puzzles, LBoL.Core.Units.PlayerUnit player, LBoL.Core.Units.PlayerType playerType, LBoL.Core.Exhibit initExhibit, int? initMoneyOverride, System.Collections.Generic.IEnumerable<LBoL.Core.Cards.Card> deck, System.Collections.Generic.IEnumerable<LBoL.Core.Stage> stages, Type debutAdventureType, System.Collections.Generic.IEnumerable<LBoL.Core.JadeBox> jadeBoxes, LBoL.Core.GameMode gameMode, bool showRandomResult) with 1 prefixes, 0 postfixes, 0 transpilers, 0 finalizers
1 prefixes:
* static void NetworkPlugin.Patch.MidGameJoin.JoinerStartGameLockPatch::GameMaster_StartGame_Prefix(Nullable`1& seed, LBoL.Core.GameDifficulty& difficulty, LBoL.Core.PuzzleFlag& puzzles, LBoL.Core.Units.PlayerUnit player, LBoL.Core.Units.PlayerType playerType, LBoL.Core.Exhibit initExhibit, int? initMoneyOverride, System.Collections.Generic.IEnumerable<LBoL.Core.Cards.Card> deck, System.Collections.Generic.IEnumerable`1[[LBoL.Core.Stage, LBoL.Core, Version=0.0.0.0, Culture=neutral, PublicKeyToken=null]]& stages, Type& debutAdventureType, System.Collections.Generic.IEnumerable<LBoL.Core.JadeBox> jadeBoxes, LBoL.Core.GameMode& gameMode, Boolean& showRandomResult)

[Info   :  HarmonyX] Running ILHook manipulator on static void LBoL.Presentation.GameMaster::StartGame(ulong? seed, LBoL.Core.GameDifficulty difficulty, LBoL.Core.PuzzleFlag puzzles, LBoL.Core.Units.PlayerUnit player, LBoL.Core.Units.PlayerType playerType, LBoL.Core.Exhibit initExhibit, int? initMoneyOverride, System.Collections.Generic.IEnumerable<LBoL.Core.Cards.Card> deck, System.Collections.Generic.IEnumerable<LBoL.Core.Stage> stages, Type debutAdventureType, System.Collections.Generic.IEnumerable<LBoL.Core.JadeBox> jadeBoxes, LBoL.Core.GameMode gameMode, bool showRandomResult)
[Info   :  HarmonyX] Writing prefixes
[Info   :  HarmonyX] Patching virtual void LBoL.Presentation.UI.Widgets.MapNodeWidget::OnPointerEnter(UnityEngine.EventSystems.PointerEventData eventData) with 0 prefixes, 1 postfixes, 0 transpilers, 0 finalizers
1 postfixes:
* static void NetworkPlugin.Patch.Map.MapNodeMarkSyncPatch::MapNodeWidget_OnPointerEnter_Postfix(LBoL.Presentation.UI.Widgets.MapNodeWidget __instance)

[Info   :  HarmonyX] Running ILHook manipulator on virtual void LBoL.Presentation.UI.Widgets.MapNodeWidget::OnPointerEnter(UnityEngine.EventSystems.PointerEventData eventData)
[Info   :  HarmonyX] Writing postfixes
[Info   :  HarmonyX] Patching virtual void LBoL.Presentation.UI.Widgets.MapNodeWidget::OnPointerExit(UnityEngine.EventSystems.PointerEventData eventData) with 0 prefixes, 1 postfixes, 0 transpilers, 0 finalizers
1 postfixes:
* static void NetworkPlugin.Patch.Map.MapNodeMarkSyncPatch::MapNodeWidget_OnPointerExit_Postfix(LBoL.Presentation.UI.Widgets.MapNodeWidget __instance)

[Info   :  HarmonyX] Running ILHook manipulator on virtual void LBoL.Presentation.UI.Widgets.MapNodeWidget::OnPointerExit(UnityEngine.EventSystems.PointerEventData eventData)
[Info   :  HarmonyX] Writing postfixes
[Info   :  HarmonyX] Patching void LBoL.Presentation.UI.UiManager::RightClicked() with 1 prefixes, 0 postfixes, 0 transpilers, 0 finalizers
1 prefixes:
* static void NetworkPlugin.Patch.Map.MapNodeMarkSyncPatch::UiManager_RightClicked_Prefix()

[Info   :  HarmonyX] Running ILHook manipulator on void LBoL.Presentation.UI.UiManager::RightClicked()
[Info   :  HarmonyX] Writing prefixes
[Info   :  HarmonyX] Patching void LBoL.Presentation.UI.Panels.MapPanel::UpdateMapNodesStatus() with 0 prefixes, 2 postfixes, 0 transpilers, 0 finalizers
2 postfixes:
* static void NetworkPlugin.Patch.UI.OtherPlayersOverlayPatch::MapPanel_UpdateMapNodesStatus_Postfix(LBoL.Presentation.UI.Panels.MapPanel __instance)
* static void NetworkPlugin.Patch.Map.MapNodeMarkSyncPatch::MapPanel_UpdateMapNodesStatus_Postfix(LBoL.Presentation.UI.Panels.MapPanel __instance)

[Info   :  HarmonyX] Running ILHook manipulator on void LBoL.Presentation.UI.Panels.MapPanel::UpdateMapNodesStatus()
[Info   :  HarmonyX] Writing postfixes
[Info   :  HarmonyX] Patching void LBoL.Presentation.UI.Panels.MapPanel::Update() with 0 prefixes, 1 postfixes, 0 transpilers, 0 finalizers
1 postfixes:
* static void NetworkPlugin.Patch.Map.MapPanelUpdateMapNodesStatusPatch::MapPanel_Update_Postfix(LBoL.Presentation.UI.Panels.MapPanel __instance)

[Info   :  HarmonyX] Running ILHook manipulator on void LBoL.Presentation.UI.Panels.MapPanel::Update()
[Info   :  HarmonyX] Writing postfixes
[Info   :  HarmonyX] Patching void LBoL.Presentation.UI.Panels.MapPanel::UpdateMapNodesStatus() with 1 prefixes, 3 postfixes, 0 transpilers, 0 finalizers
1 prefixes:
* static void NetworkPlugin.Patch.Map.MapPanelUpdateMapNodesStatusPatch::Prefix(LBoL.Presentation.UI.Panels.MapPanel __instance)
3 postfixes:
* static void NetworkPlugin.Patch.UI.OtherPlayersOverlayPatch::MapPanel_UpdateMapNodesStatus_Postfix(LBoL.Presentation.UI.Panels.MapPanel __instance)
* static void NetworkPlugin.Patch.Map.MapNodeMarkSyncPatch::MapPanel_UpdateMapNodesStatus_Postfix(LBoL.Presentation.UI.Panels.MapPanel __instance)
* static void NetworkPlugin.Patch.Map.MapPanelUpdateMapNodesStatusPatch::Postfix(LBoL.Presentation.UI.Panels.MapPanel __instance)

[Info   :  HarmonyX] Running ILHook manipulator on void LBoL.Presentation.UI.Panels.MapPanel::UpdateMapNodesStatus()
[Info   :  HarmonyX] Writing prefixes
[Info   :  HarmonyX] Writing postfixes
[Info   :  HarmonyX] Patching void LBoL.Core.Units.EnemyUnit::SetMaxHpInBattle(int hp, int maxHp) with 1 prefixes, 0 postfixes, 0 transpilers, 0 finalizers
1 prefixes:
* static void NetworkPlugin.Patch.EnemyUnits.EnemyUnitPatches::SetMaxHpInBattle(LBoL.Core.Units.EnemyUnit __instance, Int32& hp, Int32& maxHp)

[Info   :  HarmonyX] Running ILHook manipulator on void LBoL.Core.Units.EnemyUnit::SetMaxHpInBattle(int hp, int maxHp)
[Info   :  HarmonyX] Writing prefixes
[Info   :  HarmonyX] Patching LBoL.Core.CancelCause LBoL.Core.Battle.BattleController::MoveCard(LBoL.Core.Cards.Card card, LBoL.Core.Cards.CardZone dstZone) with 1 prefixes, 1 postfixes, 0 transpilers, 0 finalizers
1 prefixes:
* static void NetworkPlugin.Patch.Network.BattleCardZoneSyncPatch+MoveCardPatch::Prefix(LBoL.Core.Battle.BattleController __instance, LBoL.Core.Cards.Card card, LBoL.Core.Cards.CardZone dstZone, NetworkPlugin.Patch.Network.BattleCardZoneSyncPatch+MoveCardPatch+MoveState& __state)
1 postfixes:
* static void NetworkPlugin.Patch.Network.BattleCardZoneSyncPatch+MoveCardPatch::Postfix(LBoL.Core.Battle.BattleController __instance, LBoL.Core.Cards.Card card, LBoL.Core.Cards.CardZone dstZone, LBoL.Core.CancelCause __result, NetworkPlugin.Patch.Network.BattleCardZoneSyncPatch+MoveCardPatch+MoveState __state)

[Info   :  HarmonyX] Running ILHook manipulator on LBoL.Core.CancelCause LBoL.Core.Battle.BattleController::MoveCard(LBoL.Core.Cards.Card card, LBoL.Core.Cards.CardZone dstZone)
[Info   :  HarmonyX] Writing prefixes
[Info   :  HarmonyX] Writing postfixes
[Info   :  HarmonyX] Patching LBoL.Core.CancelCause LBoL.Core.Battle.BattleController::MoveCardToDrawZone(LBoL.Core.Cards.Card card, LBoL.Core.DrawZoneTarget target) with 1 prefixes, 1 postfixes, 0 transpilers, 0 finalizers
1 prefixes:
* static void NetworkPlugin.Patch.Network.BattleCardZoneSyncPatch+MoveCardToDrawZonePatch::Prefix(LBoL.Core.Battle.BattleController __instance, LBoL.Core.Cards.Card card, LBoL.Core.DrawZoneTarget target, NetworkPlugin.Patch.Network.BattleCardZoneSyncPatch+MoveCardToDrawZonePatch+MoveToDrawState& __state)
1 postfixes:
* static void NetworkPlugin.Patch.Network.BattleCardZoneSyncPatch+MoveCardToDrawZonePatch::Postfix(LBoL.Core.Battle.BattleController __instance, LBoL.Core.Cards.Card card, LBoL.Core.DrawZoneTarget target, LBoL.Core.CancelCause __result, NetworkPlugin.Patch.Network.BattleCardZoneSyncPatch+MoveCardToDrawZonePatch+MoveToDrawState __state)

[Info   :  HarmonyX] Running ILHook manipulator on LBoL.Core.CancelCause LBoL.Core.Battle.BattleController::MoveCardToDrawZone(LBoL.Core.Cards.Card card, LBoL.Core.DrawZoneTarget target)
[Info   :  HarmonyX] Writing prefixes
[Info   :  HarmonyX] Writing postfixes
[Info   :  HarmonyX] Patching LBoL.Core.CancelCause LBoL.Core.Battle.BattleController::AddCardToDrawZone(LBoL.Core.Cards.Card card, LBoL.Core.DrawZoneTarget target) with 0 prefixes, 1 postfixes, 0 transpilers, 0 finalizers
1 postfixes:
* static void NetworkPlugin.Patch.Network.BattleCardZoneSyncPatch+AddCardToDrawZonePatch::Postfix(LBoL.Core.Battle.BattleController __instance, LBoL.Core.Cards.Card card, LBoL.Core.DrawZoneTarget target, LBoL.Core.CancelCause __result)

[Info   :  HarmonyX] Running ILHook manipulator on LBoL.Core.CancelCause LBoL.Core.Battle.BattleController::AddCardToDrawZone(LBoL.Core.Cards.Card card, LBoL.Core.DrawZoneTarget target)
[Info   :  HarmonyX] Writing postfixes
[Info   :  HarmonyX] Patching LBoL.Core.CancelCause LBoL.Core.Battle.BattleController::AddCardToHand(LBoL.Core.Cards.Card card, bool returning) with 0 prefixes, 1 postfixes, 0 transpilers, 0 finalizers
1 postfixes:
* static void NetworkPlugin.Patch.Network.BattleCardZoneSyncPatch+AddCardToHandPatch::Postfix(LBoL.Core.Battle.BattleController __instance, LBoL.Core.Cards.Card card, LBoL.Core.CancelCause __result)

[Info   :  HarmonyX] Running ILHook manipulator on LBoL.Core.CancelCause LBoL.Core.Battle.BattleController::AddCardToHand(LBoL.Core.Cards.Card card, bool returning)
[Info   :  HarmonyX] Writing postfixes
[Info   :  HarmonyX] Patching LBoL.Core.CancelCause LBoL.Core.Battle.BattleController::AddCardToDiscard(LBoL.Core.Cards.Card card) with 0 prefixes, 1 postfixes, 0 transpilers, 0 finalizers
1 postfixes:
* static void NetworkPlugin.Patch.Network.BattleCardZoneSyncPatch+AddCardToDiscardPatch::Postfix(LBoL.Core.Battle.BattleController __instance, LBoL.Core.Cards.Card card, LBoL.Core.CancelCause __result)

[Info   :  HarmonyX] Running ILHook manipulator on LBoL.Core.CancelCause LBoL.Core.Battle.BattleController::AddCardToDiscard(LBoL.Core.Cards.Card card)
[Info   :  HarmonyX] Writing postfixes
[Info   :  HarmonyX] Patching LBoL.Core.CancelCause LBoL.Core.Battle.BattleController::AddCardToExile(LBoL.Core.Cards.Card card) with 0 prefixes, 1 postfixes, 0 transpilers, 0 finalizers
1 postfixes:
* static void NetworkPlugin.Patch.Network.BattleCardZoneSyncPatch+AddCardToExilePatch::Postfix(LBoL.Core.Battle.BattleController __instance, LBoL.Core.Cards.Card card, LBoL.Core.CancelCause __result)

[Info   :  HarmonyX] Running ILHook manipulator on LBoL.Core.CancelCause LBoL.Core.Battle.BattleController::AddCardToExile(LBoL.Core.Cards.Card card)
[Info   :  HarmonyX] Writing postfixes
[Info   :  HarmonyX] Patching void LBoL.Core.Battle.BattleController::RemoveCard(LBoL.Core.Cards.Card card) with 1 prefixes, 1 postfixes, 0 transpilers, 0 finalizers
1 prefixes:
* static void NetworkPlugin.Patch.Network.BattleCardZoneSyncPatch+RemoveCardPatch::Prefix(LBoL.Core.Battle.BattleController __instance, LBoL.Core.Cards.Card card, NetworkPlugin.Patch.Network.BattleCardZoneSyncPatch+RemoveCardPatch+RemoveState& __state)
1 postfixes:
* static void NetworkPlugin.Patch.Network.BattleCardZoneSyncPatch+RemoveCardPatch::Postfix(LBoL.Core.Battle.BattleController __instance, LBoL.Core.Cards.Card card, NetworkPlugin.Patch.Network.BattleCardZoneSyncPatch+RemoveCardPatch+RemoveState __state)

[Info   :  HarmonyX] Running ILHook manipulator on void LBoL.Core.Battle.BattleController::RemoveCard(LBoL.Core.Cards.Card card)
[Info   :  HarmonyX] Writing prefixes
[Info   :  HarmonyX] Writing postfixes
[Info   :  HarmonyX] Patching void LBoL.Presentation.Units.GameDirector::Update() with 0 prefixes, 5 postfixes, 0 transpilers, 0 finalizers
5 postfixes:
* static void NetworkPlugin.Patch.UI.OtherPlayersOverlayPatch::GameDirector_Update_Postfix()
* static void NetworkPlugin.Patch.UI.ShopTradeIconPatch::GameDirector_Update_Postfix()
* static void NetworkPlugin.Patch.Network.BattleReportForwardPatch::Postfix()
* static void NetworkPlugin.Patch.Network.MoodEffectSyncPatch::GameDirector_Update_Postfix()
* static void NetworkPlugin.Patch.Network.DebutBonusSyncPatch+SubscribeHook::Postfix()

[Info   :  HarmonyX] Running ILHook manipulator on void LBoL.Presentation.Units.GameDirector::Update()
[Info   :  HarmonyX] Writing postfixes
[Info   :  HarmonyX] Patching void LBoL.EntityLib.Adventures.Debut::RollBonus() with 0 prefixes, 1 postfixes, 0 transpilers, 0 finalizers
1 postfixes:
* static void NetworkPlugin.Patch.Network.DebutBonusSyncPatch+Debut_RollBonus_Sync::Postfix(LBoL.EntityLib.Adventures.Debut __instance)

[Info   :  HarmonyX] Running ILHook manipulator on void LBoL.EntityLib.Adventures.Debut::RollBonus()
[Info   :  HarmonyX] Writing postfixes
[Info   :  HarmonyX] Patching void LBoL.Presentation.Units.GameDirector::Update() with 0 prefixes, 6 postfixes, 0 transpilers, 0 finalizers
6 postfixes:
* static void NetworkPlugin.Patch.UI.OtherPlayersOverlayPatch::GameDirector_Update_Postfix()
* static void NetworkPlugin.Patch.UI.ShopTradeIconPatch::GameDirector_Update_Postfix()
* static void NetworkPlugin.Patch.Network.BattleReportForwardPatch::Postfix()
* static void NetworkPlugin.Patch.Network.MoodEffectSyncPatch::GameDirector_Update_Postfix()
* static void NetworkPlugin.Patch.Network.DebutBonusSyncPatch+SubscribeHook::Postfix()
* static void NetworkPlugin.Patch.Network.EndTurnSyncPatch+SubscribeHook::Postfix()

[Info   :  HarmonyX] Running ILHook manipulator on void LBoL.Presentation.Units.GameDirector::Update()
[Info   :  HarmonyX] Writing postfixes
[Info   :  HarmonyX] Patching void LBoL.Core.Battle.BattleController::StartPlayerTurn() with 1 prefixes, 1 postfixes, 0 transpilers, 0 finalizers
1 prefixes:
* static bool NetworkPlugin.Patch.DeathPatches::StartPlayerTurn_Prefix(LBoL.Core.Battle.BattleController __instance)
1 postfixes:
* static void NetworkPlugin.Patch.Network.EndTurnSyncPatch+BattleController_StartPlayerTurn_Reset::Postfix(LBoL.Core.Battle.BattleController __instance)

[Info   :  HarmonyX] Running ILHook manipulator on void LBoL.Core.Battle.BattleController::StartPlayerTurn()
[Info   :  HarmonyX] Writing prefixes
[Info   :  HarmonyX] Writing postfixes
[Info   :  HarmonyX] Patching void LBoL.Core.Battle.BattleController::StartBattle() with 0 prefixes, 2 postfixes, 0 transpilers, 0 finalizers
2 postfixes:
* static void NetworkPlugin.Patch.GameEventDeathSyncPatch::OnBattleStart(LBoL.Core.Battle.BattleController __instance)
* static void NetworkPlugin.Patch.Network.EndTurnSyncPatch+BattleController_StartBattle_Reset::Postfix(LBoL.Core.Battle.BattleController __instance)

[Info   :  HarmonyX] Running ILHook manipulator on void LBoL.Core.Battle.BattleController::StartBattle()
[Info   :  HarmonyX] Writing postfixes
[Info   :  HarmonyX] Patching void LBoL.Core.Battle.BattleController::EndBattle() with 0 prefixes, 2 postfixes, 0 transpilers, 0 finalizers
2 postfixes:
* static void NetworkPlugin.Patch.GameEventDeathSyncPatch::OnBattleEndBattle(LBoL.Core.Battle.BattleController __instance)
* static void NetworkPlugin.Patch.Network.EndTurnSyncPatch+BattleController_EndBattle_Reset::Postfix(LBoL.Core.Battle.BattleController __instance)

[Info   :  HarmonyX] Running ILHook manipulator on void LBoL.Core.Battle.BattleController::EndBattle()
[Info   :  HarmonyX] Writing postfixes
[Info   :  HarmonyX] Patching void LBoL.Core.Battle.BattleController::RequestEndPlayerTurn() with 2 prefixes, 0 postfixes, 0 transpilers, 0 finalizers
2 prefixes:
* static bool NetworkPlugin.Patch.DeathPatches::RequestEndPlayerTurn_Prefix(LBoL.Core.Battle.BattleController __instance)
* static bool NetworkPlugin.Patch.Network.EndTurnSyncPatch+BattleController_RequestEndPlayerTurn_Gate::Prefix(LBoL.Core.Battle.BattleController __instance)

[Info   :  HarmonyX] Running ILHook manipulator on void LBoL.Core.Battle.BattleController::RequestEndPlayerTurn()
[Info   :  HarmonyX] Writing prefixes
[Info   :  HarmonyX] Patching virtual bool LBoL.Core.Cards.Card::get_CanUse() with 1 prefixes, 0 postfixes, 0 transpilers, 0 finalizers
1 prefixes:
* static bool NetworkPlugin.Patch.Network.EndTurnSyncPatch+Card_CanUse_BlockAfterEnd::Prefix(Boolean& __result)

[Info   :  HarmonyX] Running ILHook manipulator on virtual bool LBoL.Core.Cards.Card::get_CanUse()
[Info   :  HarmonyX] Writing prefixes
[Info   :  HarmonyX] Patching bool LBoL.Core.Units.UltimateSkill::get_Available() with 1 prefixes, 0 postfixes, 0 transpilers, 0 finalizers
1 prefixes:
* static bool NetworkPlugin.Patch.Network.EndTurnSyncPatch+UltimateSkill_Available_BlockAfterEnd::Prefix(Boolean& __result)

[Info   :  HarmonyX] Running ILHook manipulator on bool LBoL.Core.Units.UltimateSkill::get_Available()
[Info   :  HarmonyX] Writing prefixes
[Info   :  HarmonyX] Patching bool LBoL.Core.Units.Doll::get_Usable() with 1 prefixes, 0 postfixes, 0 transpilers, 0 finalizers
1 prefixes:
* static bool NetworkPlugin.Patch.Network.EndTurnSyncPatch+Doll_Usable_BlockAfterEnd::Prefix(Boolean& __result)

[Info   :  HarmonyX] Running ILHook manipulator on bool LBoL.Core.Units.Doll::get_Usable()
[Info   :  HarmonyX] Writing prefixes
[Info   :  HarmonyX] Patching bool LBoL.Presentation.UI.Panels.PlayBoard::UseUsVerify(LBoL.Core.UnitSelector selector) with 1 prefixes, 0 postfixes, 0 transpilers, 0 finalizers
1 prefixes:
* static bool NetworkPlugin.Patch.Network.EndTurnSyncPatch+PlayBoard_UseUsVerify_BlockAfterEnd::Prefix(Boolean& __result)

[Info   :  HarmonyX] Running ILHook manipulator on bool LBoL.Presentation.UI.Panels.PlayBoard::UseUsVerify(LBoL.Core.UnitSelector selector)
[Info   :  HarmonyX] Writing prefixes
[Info   :  HarmonyX] Patching bool LBoL.Presentation.UI.Panels.PlayBoard::UseDollVerify(LBoL.Core.Units.Doll doll, LBoL.Core.UnitSelector selector) with 1 prefixes, 0 postfixes, 0 transpilers, 0 finalizers
1 prefixes:
* static bool NetworkPlugin.Patch.Network.EndTurnSyncPatch+PlayBoard_UseDollVerify_BlockAfterEnd::Prefix(Boolean& __result)

[Info   :  HarmonyX] Running ILHook manipulator on bool LBoL.Presentation.UI.Panels.PlayBoard::UseDollVerify(LBoL.Core.Units.Doll doll, LBoL.Core.UnitSelector selector)
[Info   :  HarmonyX] Writing prefixes
[Info   :  HarmonyX] Patching void LBoL.Presentation.Units.GameDirector::Update() with 0 prefixes, 7 postfixes, 0 transpilers, 0 finalizers
7 postfixes:
* static void NetworkPlugin.Patch.UI.OtherPlayersOverlayPatch::GameDirector_Update_Postfix()
* static void NetworkPlugin.Patch.UI.ShopTradeIconPatch::GameDirector_Update_Postfix()
* static void NetworkPlugin.Patch.Network.BattleReportForwardPatch::Postfix()
* static void NetworkPlugin.Patch.Network.MoodEffectSyncPatch::GameDirector_Update_Postfix()
* static void NetworkPlugin.Patch.Network.DebutBonusSyncPatch+SubscribeHook::Postfix()
* static void NetworkPlugin.Patch.Network.EndTurnSyncPatch+SubscribeHook::Postfix()
* static void NetworkPlugin.Patch.Network.EnemyIntentReceivePatch+SubscribeHook::Postfix()

[Info   :  HarmonyX] Running ILHook manipulator on void LBoL.Presentation.Units.GameDirector::Update()
[Info   :  HarmonyX] Writing postfixes
[Info   :  HarmonyX] Patching void LBoL.Core.Units.EnemyUnit::UpdateTurnMoves() with 0 prefixes, 2 postfixes, 0 transpilers, 0 finalizers
2 postfixes:
* static void NetworkPlugin.Patch.Network.EnemyIntentSyncPatch::EnemyUnit_UpdateTurnMoves_Postfix(LBoL.Core.Units.EnemyUnit __instance)
* static void NetworkPlugin.Patch.Network.EnemyIntentReceivePatch+EnemyUnit_UpdateTurnMoves_ApplyRemote::Postfix(LBoL.Core.Units.EnemyUnit __instance)

[Info   :  HarmonyX] Running ILHook manipulator on void LBoL.Core.Units.EnemyUnit::UpdateTurnMoves()
[Info   :  HarmonyX] Writing postfixes
[Info   :  HarmonyX] Patching void LBoL.Presentation.Units.GameDirector::Update() with 0 prefixes, 8 postfixes, 0 transpilers, 0 finalizers
8 postfixes:
* static void NetworkPlugin.Patch.UI.OtherPlayersOverlayPatch::GameDirector_Update_Postfix()
* static void NetworkPlugin.Patch.UI.ShopTradeIconPatch::GameDirector_Update_Postfix()
* static void NetworkPlugin.Patch.Network.BattleReportForwardPatch::Postfix()
* static void NetworkPlugin.Patch.Network.MoodEffectSyncPatch::GameDirector_Update_Postfix()
* static void NetworkPlugin.Patch.Network.DebutBonusSyncPatch+SubscribeHook::Postfix()
* static void NetworkPlugin.Patch.Network.EndTurnSyncPatch+SubscribeHook::Postfix()
* static void NetworkPlugin.Patch.Network.EnemyIntentReceivePatch+SubscribeHook::Postfix()
* static void NetworkPlugin.Patch.Network.EnemyIntentSyncPatch+SubscribeHook::Postfix()

[Info   :  HarmonyX] Running ILHook manipulator on void LBoL.Presentation.Units.GameDirector::Update()
[Info   :  HarmonyX] Writing postfixes
[Info   :  HarmonyX] Patching void LBoL.Presentation.Units.GameDirector::Update() with 0 prefixes, 9 postfixes, 0 transpilers, 0 finalizers
9 postfixes:
* static void NetworkPlugin.Patch.UI.OtherPlayersOverlayPatch::GameDirector_Update_Postfix()
* static void NetworkPlugin.Patch.UI.ShopTradeIconPatch::GameDirector_Update_Postfix()
* static void NetworkPlugin.Patch.Network.BattleReportForwardPatch::Postfix()
* static void NetworkPlugin.Patch.Network.MoodEffectSyncPatch::GameDirector_Update_Postfix()
* static void NetworkPlugin.Patch.Network.DebutBonusSyncPatch+SubscribeHook::Postfix()
* static void NetworkPlugin.Patch.Network.EndTurnSyncPatch+SubscribeHook::Postfix()
* static void NetworkPlugin.Patch.Network.EnemyIntentReceivePatch+SubscribeHook::Postfix()
* static void NetworkPlugin.Patch.Network.EnemyIntentSyncPatch+SubscribeHook::Postfix()
* static void NetworkPlugin.Patch.Network.EnemySpawnSyncPatch+SubscribeHook::Postfix()

[Info   :  HarmonyX] Running ILHook manipulator on void LBoL.Presentation.Units.GameDirector::Update()
[Info   :  HarmonyX] Writing postfixes
[Info   :  HarmonyX] Patching LBoL.Base.ManaGroup LBoL.Core.Battle.BattleController::GainMana(LBoL.Base.ManaGroup group) with 1 prefixes, 1 postfixes, 0 transpilers, 0 finalizers
1 prefixes:
* static void NetworkPlugin.Patch.Network.EnergySyncPatch+GainManaPatch::Prefix(LBoL.Core.Battle.BattleController __instance, LBoL.Base.ManaGroup group, LBoL.Base.ManaGroup& __state)
1 postfixes:
* static void NetworkPlugin.Patch.Network.EnergySyncPatch+GainManaPatch::Postfix(LBoL.Core.Battle.BattleController __instance, LBoL.Base.ManaGroup group, LBoL.Base.ManaGroup __result, LBoL.Base.ManaGroup __state)

[Info   :  HarmonyX] Running ILHook manipulator on LBoL.Base.ManaGroup LBoL.Core.Battle.BattleController::GainMana(LBoL.Base.ManaGroup group)
[Info   :  HarmonyX] Writing prefixes
[Info   :  HarmonyX] Writing postfixes
[Info   :  HarmonyX] Patching LBoL.Base.ManaGroup LBoL.Core.Battle.BattleController::LoseMana(LBoL.Base.ManaGroup group) with 1 prefixes, 1 postfixes, 0 transpilers, 0 finalizers
1 prefixes:
* static void NetworkPlugin.Patch.Network.EnergySyncPatch+LoseManaPatch::Prefix(LBoL.Core.Battle.BattleController __instance, LBoL.Base.ManaGroup group, LBoL.Base.ManaGroup& __state)
1 postfixes:
* static void NetworkPlugin.Patch.Network.EnergySyncPatch+LoseManaPatch::Postfix(LBoL.Core.Battle.BattleController __instance, LBoL.Base.ManaGroup group, LBoL.Base.ManaGroup __result, LBoL.Base.ManaGroup __state)

[Info   :  HarmonyX] Running ILHook manipulator on LBoL.Base.ManaGroup LBoL.Core.Battle.BattleController::LoseMana(LBoL.Base.ManaGroup group)
[Info   :  HarmonyX] Writing prefixes
[Info   :  HarmonyX] Writing postfixes
[Info   :  HarmonyX] Patching void LBoL.Core.Battle.BattleController::ConsumeMana(LBoL.Base.ManaGroup group) with 1 prefixes, 1 postfixes, 0 transpilers, 0 finalizers
1 prefixes:
* static void NetworkPlugin.Patch.Network.EnergySyncPatch+ConsumeManaPatch::Prefix(LBoL.Core.Battle.BattleController __instance, LBoL.Base.ManaGroup group, NetworkPlugin.Patch.Network.EnergySyncPatch+ConsumeManaPatch+ConsumeState& __state)
1 postfixes:
* static void NetworkPlugin.Patch.Network.EnergySyncPatch+ConsumeManaPatch::Postfix(LBoL.Core.Battle.BattleController __instance, LBoL.Base.ManaGroup group, NetworkPlugin.Patch.Network.EnergySyncPatch+ConsumeManaPatch+ConsumeState __state)

[Info   :  HarmonyX] Running ILHook manipulator on void LBoL.Core.Battle.BattleController::ConsumeMana(LBoL.Base.ManaGroup group)
[Info   :  HarmonyX] Writing prefixes
[Info   :  HarmonyX] Writing postfixes
[Info   :  HarmonyX] Patching bool LBoL.Core.Battle.BattleController::ConvertMana(LBoL.Base.ManaGroup input, LBoL.Base.ManaGroup output, bool allowPartial, LBoL.Base.ManaGroup& resultInput, LBoL.Base.ManaGroup& resultOutput) with 1 prefixes, 1 postfixes, 0 transpilers, 0 finalizers
1 prefixes:
* static void NetworkPlugin.Patch.Network.EnergySyncPatch+ConvertManaPatch::Prefix(LBoL.Core.Battle.BattleController __instance, LBoL.Base.ManaGroup input, LBoL.Base.ManaGroup output, bool allowPartial, LBoL.Base.ManaGroup& __state)
1 postfixes:
* static void NetworkPlugin.Patch.Network.EnergySyncPatch+ConvertManaPatch::Postfix(LBoL.Core.Battle.BattleController __instance, LBoL.Base.ManaGroup input, LBoL.Base.ManaGroup output, bool allowPartial, bool __result, LBoL.Base.ManaGroup resultInput, LBoL.Base.ManaGroup resultOutput, LBoL.Base.ManaGroup __state)

[Info   :  HarmonyX] Running ILHook manipulator on bool LBoL.Core.Battle.BattleController::ConvertMana(LBoL.Base.ManaGroup input, LBoL.Base.ManaGroup output, bool allowPartial, LBoL.Base.ManaGroup& resultInput, LBoL.Base.ManaGroup& resultOutput)
[Info   :  HarmonyX] Writing prefixes
[Info   :  HarmonyX] Writing postfixes
[Info   :  HarmonyX] Patching LBoL.Base.ManaGroup LBoL.Core.Battle.BattleController::GainTurnMana(LBoL.Base.ManaGroup group) with 1 prefixes, 1 postfixes, 0 transpilers, 0 finalizers
1 prefixes:
* static void NetworkPlugin.Patch.Network.EnergySyncPatch+GainTurnManaPatch::Prefix(LBoL.Core.Battle.BattleController __instance, LBoL.Base.ManaGroup group, LBoL.Base.ManaGroup& __state)
1 postfixes:
* static void NetworkPlugin.Patch.Network.EnergySyncPatch+GainTurnManaPatch::Postfix(LBoL.Core.Battle.BattleController __instance, LBoL.Base.ManaGroup group, LBoL.Base.ManaGroup __result, LBoL.Base.ManaGroup __state)

[Info   :  HarmonyX] Running ILHook manipulator on LBoL.Base.ManaGroup LBoL.Core.Battle.BattleController::GainTurnMana(LBoL.Base.ManaGroup group)
[Info   :  HarmonyX] Writing prefixes
[Info   :  HarmonyX] Writing postfixes
[Info   :  HarmonyX] Patching LBoL.Base.ManaGroup LBoL.Core.Battle.BattleController::LoseTurnMana(LBoL.Base.ManaGroup group) with 1 prefixes, 1 postfixes, 0 transpilers, 0 finalizers
1 prefixes:
* static void NetworkPlugin.Patch.Network.EnergySyncPatch+LoseTurnManaPatch::Prefix(LBoL.Core.Battle.BattleController __instance, LBoL.Base.ManaGroup group, LBoL.Base.ManaGroup& __state)
1 postfixes:
* static void NetworkPlugin.Patch.Network.EnergySyncPatch+LoseTurnManaPatch::Postfix(LBoL.Core.Battle.BattleController __instance, LBoL.Base.ManaGroup group, LBoL.Base.ManaGroup __result, LBoL.Base.ManaGroup __state)

[Info   :  HarmonyX] Running ILHook manipulator on LBoL.Base.ManaGroup LBoL.Core.Battle.BattleController::LoseTurnMana(LBoL.Base.ManaGroup group)
[Info   :  HarmonyX] Writing prefixes
[Info   :  HarmonyX] Writing postfixes
[Info   :  HarmonyX] Patching virtual void LBoL.Core.Exhibit::NotifyActivating() with 0 prefixes, 1 postfixes, 0 transpilers, 0 finalizers
1 postfixes:
* static void NetworkPlugin.Patch.Network.ExhibitSyncPatch+Exhibit_NotifyActivating_Patch::Postfix(LBoL.Core.Exhibit __instance)

[Info   :  HarmonyX] Running ILHook manipulator on virtual void LBoL.Core.Exhibit::NotifyActivating()
[Info   :  HarmonyX] Writing postfixes
[Info   :  HarmonyX] Patching void LBoL.Presentation.Units.GameDirector::Update() with 0 prefixes, 10 postfixes, 0 transpilers, 0 finalizers
10 postfixes:
* static void NetworkPlugin.Patch.UI.OtherPlayersOverlayPatch::GameDirector_Update_Postfix()
* static void NetworkPlugin.Patch.UI.ShopTradeIconPatch::GameDirector_Update_Postfix()
* static void NetworkPlugin.Patch.Network.BattleReportForwardPatch::Postfix()
* static void NetworkPlugin.Patch.Network.MoodEffectSyncPatch::GameDirector_Update_Postfix()
* static void NetworkPlugin.Patch.Network.DebutBonusSyncPatch+SubscribeHook::Postfix()
* static void NetworkPlugin.Patch.Network.EndTurnSyncPatch+SubscribeHook::Postfix()
* static void NetworkPlugin.Patch.Network.EnemyIntentReceivePatch+SubscribeHook::Postfix()
* static void NetworkPlugin.Patch.Network.EnemyIntentSyncPatch+SubscribeHook::Postfix()
* static void NetworkPlugin.Patch.Network.EnemySpawnSyncPatch+SubscribeHook::Postfix()
* static void NetworkPlugin.Patch.Network.GameResultSyncPatch+SubscribeHook::Postfix()

[Info   :  HarmonyX] Running ILHook manipulator on void LBoL.Presentation.Units.GameDirector::Update()
[Info   :  HarmonyX] Writing postfixes
[Info   :  HarmonyX] Patching virtual void LBoL.Presentation.UI.Panels.GameResultPanel::OnShowing(LBoL.Presentation.UI.Panels.GameResultData payload) with 0 prefixes, 1 postfixes, 0 transpilers, 0 finalizers
1 postfixes:
* static void NetworkPlugin.Patch.Network.GameResultSyncPatch+GameResultPanel_OnShowing_Patch::Postfix(LBoL.Presentation.UI.Panels.GameResultData payload)

[Info   :  HarmonyX] Running ILHook manipulator on virtual void LBoL.Presentation.UI.Panels.GameResultPanel::OnShowing(LBoL.Presentation.UI.Panels.GameResultData payload)
[Info   :  HarmonyX] Writing postfixes
[Info   :  HarmonyX] Patching void LBoL.Core.GameRunController::EnterNextStage() with 1 prefixes, 1 postfixes, 0 transpilers, 0 finalizers
1 prefixes:
* static void NetworkPlugin.Patch.MidGameJoin.JoinerStageIndexAlignPatch::GameRunController_EnterNextStage_Prefix(LBoL.Core.GameRunController __instance)
1 postfixes:
* static void NetworkPlugin.Patch.Network.MapCheckpointSyncPatch+GameRunController_EnterNextStage_Checkpoint::Postfix(LBoL.Core.GameRunController __instance)

[Info   :  HarmonyX] Running ILHook manipulator on void LBoL.Core.GameRunController::EnterNextStage()
[Info   :  HarmonyX] Writing prefixes
[Info   :  HarmonyX] Writing postfixes
[Info   :  HarmonyX] Patching virtual void LBoL.Core.Stations.Station::Finish() with 0 prefixes, 1 postfixes, 0 transpilers, 0 finalizers
1 postfixes:
* static void NetworkPlugin.Patch.Network.MapCheckpointSyncPatch+Station_Finish_Checkpoint::Postfix(LBoL.Core.Stations.Station __instance)

[Info   :  HarmonyX] Running ILHook manipulator on virtual void LBoL.Core.Stations.Station::Finish()
[Info   :  HarmonyX] Writing postfixes
[Info   :  HarmonyX] Patching virtual void LBoL.Presentation.UI.Panels.RewardPanel::OnHided() with 0 prefixes, 1 postfixes, 0 transpilers, 0 finalizers
1 postfixes:
* static void NetworkPlugin.Patch.Network.MapCheckpointSyncPatch+RewardPanel_OnHided_Checkpoint::Postfix(LBoL.Presentation.UI.Panels.RewardPanel __instance)

[Info   :  HarmonyX] Running ILHook manipulator on virtual void LBoL.Presentation.UI.Panels.RewardPanel::OnHided()
[Info   :  HarmonyX] Writing postfixes
[Info   :  HarmonyX] Patching void LBoL.Presentation.UI.Panels.ShopPanel::SetShopAfterBuying() with 0 prefixes, 1 postfixes, 0 transpilers, 0 finalizers
1 postfixes:
* static void NetworkPlugin.Patch.Network.MapCheckpointSyncPatch+ShopPanel_SetShopAfterBuying_Checkpoint::Postfix()

[Info   :  HarmonyX] Running ILHook manipulator on void LBoL.Presentation.UI.Panels.ShopPanel::SetShopAfterBuying()
[Info   :  HarmonyX] Writing postfixes
[Info   :  HarmonyX] Patching void LBoL.Presentation.UI.Panels.GapOptionsPanel::SelectedAndHide() with 0 prefixes, 1 postfixes, 0 transpilers, 0 finalizers
1 postfixes:
* static void NetworkPlugin.Patch.Network.MapCheckpointSyncPatch+GapOptionsPanel_SelectedAndHide_Checkpoint::Postfix()

[Info   :  HarmonyX] Running ILHook manipulator on void LBoL.Presentation.UI.Panels.GapOptionsPanel::SelectedAndHide()
[Info   :  HarmonyX] Writing postfixes
[Info   :  HarmonyX] Patching System.ValueTuple<int, int> LBoL.Core.Battle.BattleController::CastBlockShield(LBoL.Core.Units.Unit target, float block, float shield) with 1 prefixes, 1 postfixes, 0 transpilers, 0 finalizers
1 prefixes:
* static void NetworkPlugin.Patch.Network.PlayerStateSyncPatch+BattleController_CastBlockShield_Sync::Prefix(LBoL.Core.Battle.BattleController __instance, LBoL.Core.Units.Unit target, ValueTuple`2& __state)
1 postfixes:
* static void NetworkPlugin.Patch.Network.PlayerStateSyncPatch+BattleController_CastBlockShield_Sync::Postfix(LBoL.Core.Battle.BattleController __instance, LBoL.Core.Units.Unit target, float block, float shield, System.ValueTuple<int, int> __state)

[Info   :  HarmonyX] Running ILHook manipulator on System.ValueTuple<int, int> LBoL.Core.Battle.BattleController::CastBlockShield(LBoL.Core.Units.Unit target, float block, float shield)
[Info   :  HarmonyX] Writing prefixes
[Info   :  HarmonyX] Writing postfixes
[Info   :  HarmonyX] Patching System.ValueTuple<int, int> LBoL.Core.Battle.BattleController::LoseBlockShield(LBoL.Core.Units.Unit target, float block, float shield) with 1 prefixes, 1 postfixes, 0 transpilers, 0 finalizers
1 prefixes:
* static void NetworkPlugin.Patch.Network.PlayerStateSyncPatch+BattleController_LoseBlockShield_Sync::Prefix(LBoL.Core.Battle.BattleController __instance, LBoL.Core.Units.Unit target, ValueTuple`2& __state)
1 postfixes:
* static void NetworkPlugin.Patch.Network.PlayerStateSyncPatch+BattleController_LoseBlockShield_Sync::Postfix(LBoL.Core.Battle.BattleController __instance, LBoL.Core.Units.Unit target, float block, float shield, System.ValueTuple<int, int> __state)

[Info   :  HarmonyX] Running ILHook manipulator on System.ValueTuple<int, int> LBoL.Core.Battle.BattleController::LoseBlockShield(LBoL.Core.Units.Unit target, float block, float shield)
[Info   :  HarmonyX] Writing prefixes
[Info   :  HarmonyX] Writing postfixes
[Info   :  HarmonyX] Patching void LBoL.Core.Units.Unit::set_MaxHp(int value) with 1 prefixes, 1 postfixes, 0 transpilers, 0 finalizers
1 prefixes:
* static void NetworkPlugin.Patch.Network.PlayerStateSyncPatch+Unit_SetMaxHp_Sync::Prefix(LBoL.Core.Units.Unit __instance, Int32& __state)
1 postfixes:
* static void NetworkPlugin.Patch.Network.PlayerStateSyncPatch+Unit_SetMaxHp_Sync::Postfix(LBoL.Core.Units.Unit __instance, int __state)

[Info   :  HarmonyX] Running ILHook manipulator on void LBoL.Core.Units.Unit::set_MaxHp(int value)
[Info   :  HarmonyX] Writing prefixes
[Info   :  HarmonyX] Writing postfixes
[Info   :  HarmonyX] Patching void LBoL.Core.GameRunController::GainMoney(int money, bool triggerVisual, LBoL.Core.VisualSourceData sourceData) with 1 prefixes, 1 postfixes, 0 transpilers, 0 finalizers
1 prefixes:
* static void NetworkPlugin.Patch.Network.PlayerStateSyncPatch+GameRun_GainMoney_Sync::Prefix(LBoL.Core.GameRunController __instance, int money, Int32& __state)
1 postfixes:
* static void NetworkPlugin.Patch.Network.PlayerStateSyncPatch+GameRun_GainMoney_Sync::Postfix(LBoL.Core.GameRunController __instance, int money, int __state)

[Info   :  HarmonyX] Running ILHook manipulator on void LBoL.Core.GameRunController::GainMoney(int money, bool triggerVisual, LBoL.Core.VisualSourceData sourceData)
[Info   :  HarmonyX] Writing prefixes
[Info   :  HarmonyX] Writing postfixes
[Info   :  HarmonyX] Patching void LBoL.Core.GameRunController::ConsumeMoney(int cost) with 1 prefixes, 1 postfixes, 0 transpilers, 0 finalizers
1 prefixes:
* static void NetworkPlugin.Patch.Network.PlayerStateSyncPatch+GameRun_ConsumeMoney_Sync::Prefix(LBoL.Core.GameRunController __instance, int cost, Int32& __state)
1 postfixes:
* static void NetworkPlugin.Patch.Network.PlayerStateSyncPatch+GameRun_ConsumeMoney_Sync::Postfix(LBoL.Core.GameRunController __instance, int cost, int __state)

[Info   :  HarmonyX] Running ILHook manipulator on void LBoL.Core.GameRunController::ConsumeMoney(int cost)
[Info   :  HarmonyX] Writing prefixes
[Info   :  HarmonyX] Writing postfixes
[Info   :  HarmonyX] Patching void LBoL.Core.GameRunController::LoseMoney(int money) with 1 prefixes, 1 postfixes, 0 transpilers, 0 finalizers
1 prefixes:
* static void NetworkPlugin.Patch.Network.PlayerStateSyncPatch+GameRun_LoseMoney_Sync::Prefix(LBoL.Core.GameRunController __instance, int money, Int32& __state)
1 postfixes:
* static void NetworkPlugin.Patch.Network.PlayerStateSyncPatch+GameRun_LoseMoney_Sync::Postfix(LBoL.Core.GameRunController __instance, int money, int __state)

[Info   :  HarmonyX] Running ILHook manipulator on void LBoL.Core.GameRunController::LoseMoney(int money)
[Info   :  HarmonyX] Writing prefixes
[Info   :  HarmonyX] Writing postfixes
[Info   :  HarmonyX] Patching void LBoL.Core.GameRunController::AddDeckCards(System.Collections.Generic.IEnumerable<LBoL.Core.Cards.Card> cards, bool triggerVisual, LBoL.Core.VisualSourceData sourceData) with 0 prefixes, 1 postfixes, 0 transpilers, 0 finalizers
1 postfixes:
* static void NetworkPlugin.Patch.Network.PotionToolSyncPatch+AddDeckCardsPatch::Postfix(LBoL.Core.GameRunController __instance, System.Collections.Generic.IEnumerable<LBoL.Core.Cards.Card> cards, bool triggerVisual, LBoL.Core.VisualSourceData sourceData)

[Info   :  HarmonyX] Running ILHook manipulator on void LBoL.Core.GameRunController::AddDeckCards(System.Collections.Generic.IEnumerable<LBoL.Core.Cards.Card> cards, bool triggerVisual, LBoL.Core.VisualSourceData sourceData)
[Info   :  HarmonyX] Writing postfixes
[Info   :  HarmonyX] Patching void LBoL.Core.GameRunController::RemoveDeckCards(System.Collections.Generic.IEnumerable<LBoL.Core.Cards.Card> cards, bool triggerVisual) with 1 prefixes, 1 postfixes, 0 transpilers, 0 finalizers
1 prefixes:
* static void NetworkPlugin.Patch.Network.PotionToolSyncPatch+RemoveDeckCardsPatch::Prefix(System.Collections.Generic.IEnumerable<LBoL.Core.Cards.Card> cards, LBoL.Core.Cards.Card[]& __state)
1 postfixes:
* static void NetworkPlugin.Patch.Network.PotionToolSyncPatch+RemoveDeckCardsPatch::Postfix(LBoL.Core.GameRunController __instance, LBoL.Core.Cards.Card[] __state, bool triggerVisual)

[Info   :  HarmonyX] Running ILHook manipulator on void LBoL.Core.GameRunController::RemoveDeckCards(System.Collections.Generic.IEnumerable<LBoL.Core.Cards.Card> cards, bool triggerVisual)
[Info   :  HarmonyX] Writing prefixes
[Info   :  HarmonyX] Writing postfixes
[Info   :  HarmonyX] Patching void LBoL.Core.Battle.BattleController::RecordCardUsage(LBoL.Core.Cards.Card card) with 1 prefixes, 1 postfixes, 0 transpilers, 0 finalizers
1 prefixes:
* static void NetworkPlugin.Patch.Network.PotionToolSyncPatch+RecordCardUsagePatch::Prefix(LBoL.Core.Battle.BattleController __instance, LBoL.Core.Cards.Card card, NetworkPlugin.Patch.Network.PotionToolSyncPatch+RecordCardUsagePatch+ToolUseState& __state)
1 postfixes:
* static void NetworkPlugin.Patch.Network.PotionToolSyncPatch+RecordCardUsagePatch::Postfix(LBoL.Core.Battle.BattleController __instance, LBoL.Core.Cards.Card card, NetworkPlugin.Patch.Network.PotionToolSyncPatch+RecordCardUsagePatch+ToolUseState __state)

[Info   :  HarmonyX] Running ILHook manipulator on void LBoL.Core.Battle.BattleController::RecordCardUsage(LBoL.Core.Cards.Card card)
[Info   :  HarmonyX] Writing prefixes
[Info   :  HarmonyX] Writing postfixes
[Info   :  HarmonyX] Patching void LBoL.Presentation.Units.GameDirector::Update() with 0 prefixes, 11 postfixes, 0 transpilers, 0 finalizers
11 postfixes:
* static void NetworkPlugin.Patch.UI.OtherPlayersOverlayPatch::GameDirector_Update_Postfix()
* static void NetworkPlugin.Patch.UI.ShopTradeIconPatch::GameDirector_Update_Postfix()
* static void NetworkPlugin.Patch.Network.BattleReportForwardPatch::Postfix()
* static void NetworkPlugin.Patch.Network.MoodEffectSyncPatch::GameDirector_Update_Postfix()
* static void NetworkPlugin.Patch.Network.DebutBonusSyncPatch+SubscribeHook::Postfix()
* static void NetworkPlugin.Patch.Network.EndTurnSyncPatch+SubscribeHook::Postfix()
* static void NetworkPlugin.Patch.Network.EnemyIntentReceivePatch+SubscribeHook::Postfix()
* static void NetworkPlugin.Patch.Network.EnemyIntentSyncPatch+SubscribeHook::Postfix()
* static void NetworkPlugin.Patch.Network.EnemySpawnSyncPatch+SubscribeHook::Postfix()
* static void NetworkPlugin.Patch.Network.GameResultSyncPatch+SubscribeHook::Postfix()
* static void NetworkPlugin.Patch.Network.RemoteCardUsePatch+SubscribeHook::Postfix()

[Info   :  HarmonyX] Running ILHook manipulator on void LBoL.Presentation.Units.GameDirector::Update()
[Info   :  HarmonyX] Writing postfixes
[Info   :  HarmonyX] Patching void LBoL.Core.GameMap::EnterNode(LBoL.Core.MapNode node, bool freeMove, bool forced) with 0 prefixes, 1 postfixes, 0 transpilers, 0 finalizers
1 postfixes:
* static void NetworkPlugin.Patch.Network.RoomEntrySyncPatch+GameMap_EnterNode_Patch::Postfix(LBoL.Core.GameMap __instance, LBoL.Core.MapNode node, bool freeMove, bool forced)

[Info   :  HarmonyX] Running ILHook manipulator on void LBoL.Core.GameMap::EnterNode(LBoL.Core.MapNode node, bool freeMove, bool forced)
[Info   :  HarmonyX] Writing postfixes
[Info   :  HarmonyX] Patching void LBoL.Core.GameMap::EnterNode(LBoL.Core.MapNode node, bool freeMove, bool forced) with 0 prefixes, 2 postfixes, 0 transpilers, 0 finalizers
2 postfixes:
* static void NetworkPlugin.Patch.Network.RoomEntrySyncPatch+GameMap_EnterNode_Patch::Postfix(LBoL.Core.GameMap __instance, LBoL.Core.MapNode node, bool freeMove, bool forced)
* static void NetworkPlugin.Patch.Network.RoomStateSyncPatch+GameMap_EnterNode_RequestRoomState::Postfix(LBoL.Core.MapNode node, bool freeMove, bool forced)

[Info   :  HarmonyX] Running ILHook manipulator on void LBoL.Core.GameMap::EnterNode(LBoL.Core.MapNode node, bool freeMove, bool forced)
[Info   :  HarmonyX] Writing postfixes
[Info   :  HarmonyX] Patching void LBoL.Core.Battle.BattleController::StartBattle() with 0 prefixes, 3 postfixes, 0 transpilers, 0 finalizers
3 postfixes:
* static void NetworkPlugin.Patch.GameEventDeathSyncPatch::OnBattleStart(LBoL.Core.Battle.BattleController __instance)
* static void NetworkPlugin.Patch.Network.EndTurnSyncPatch+BattleController_StartBattle_Reset::Postfix(LBoL.Core.Battle.BattleController __instance)
* static void NetworkPlugin.Patch.Network.RoomStateSyncPatch+BattleController_StartBattle_UploadAndApply::Postfix(LBoL.Core.Battle.BattleController __instance)

[Info   :  HarmonyX] Running ILHook manipulator on void LBoL.Core.Battle.BattleController::StartBattle()
[Info   :  HarmonyX] Writing postfixes
[Info   :  HarmonyX] Patching void LBoL.Core.Battle.BattleController::RequestEndPlayerTurn() with 2 prefixes, 1 postfixes, 0 transpilers, 0 finalizers
2 prefixes:
* static bool NetworkPlugin.Patch.DeathPatches::RequestEndPlayerTurn_Prefix(LBoL.Core.Battle.BattleController __instance)
* static bool NetworkPlugin.Patch.Network.EndTurnSyncPatch+BattleController_RequestEndPlayerTurn_Gate::Prefix(LBoL.Core.Battle.BattleController __instance)
1 postfixes:
* static void NetworkPlugin.Patch.Network.RoomStateSyncPatch+BattleController_EndTurn_Upload::Postfix(LBoL.Core.Battle.BattleController __instance)

[Info   :  HarmonyX] Running ILHook manipulator on void LBoL.Core.Battle.BattleController::RequestEndPlayerTurn()
[Info   :  HarmonyX] Writing prefixes
[Info   :  HarmonyX] Writing postfixes
[Info   :  HarmonyX] Patching void LBoL.Core.Battle.BattleController::EndBattle() with 0 prefixes, 3 postfixes, 0 transpilers, 0 finalizers
3 postfixes:
* static void NetworkPlugin.Patch.GameEventDeathSyncPatch::OnBattleEndBattle(LBoL.Core.Battle.BattleController __instance)
* static void NetworkPlugin.Patch.Network.EndTurnSyncPatch+BattleController_EndBattle_Reset::Postfix(LBoL.Core.Battle.BattleController __instance)
* static void NetworkPlugin.Patch.Network.RoomStateSyncPatch+BattleController_EndBattle_UploadFinished::Postfix(LBoL.Core.Battle.BattleController __instance)

[Info   :  HarmonyX] Running ILHook manipulator on void LBoL.Core.Battle.BattleController::EndBattle()
[Info   :  HarmonyX] Writing postfixes
[Info   :  HarmonyX] Patching void LBoL.Presentation.Units.GameDirector::Update() with 0 prefixes, 12 postfixes, 0 transpilers, 0 finalizers
12 postfixes:
* static void NetworkPlugin.Patch.UI.OtherPlayersOverlayPatch::GameDirector_Update_Postfix()
* static void NetworkPlugin.Patch.UI.ShopTradeIconPatch::GameDirector_Update_Postfix()
* static void NetworkPlugin.Patch.Network.BattleReportForwardPatch::Postfix()
* static void NetworkPlugin.Patch.Network.MoodEffectSyncPatch::GameDirector_Update_Postfix()
* static void NetworkPlugin.Patch.Network.DebutBonusSyncPatch+SubscribeHook::Postfix()
* static void NetworkPlugin.Patch.Network.EndTurnSyncPatch+SubscribeHook::Postfix()
* static void NetworkPlugin.Patch.Network.EnemyIntentReceivePatch+SubscribeHook::Postfix()
* static void NetworkPlugin.Patch.Network.EnemyIntentSyncPatch+SubscribeHook::Postfix()
* static void NetworkPlugin.Patch.Network.EnemySpawnSyncPatch+SubscribeHook::Postfix()
* static void NetworkPlugin.Patch.Network.GameResultSyncPatch+SubscribeHook::Postfix()
* static void NetworkPlugin.Patch.Network.RemoteCardUsePatch+SubscribeHook::Postfix()
* static void NetworkPlugin.Patch.Network.SpawnedEnemySyncPatch+SubscribeHook::Postfix()

[Info   :  HarmonyX] Running ILHook manipulator on void LBoL.Presentation.Units.GameDirector::Update()
[Info   :  HarmonyX] Writing postfixes
[Info   :  HarmonyX] Patching void LBoL.Core.Units.EnemyGroup::Add(LBoL.Core.Units.EnemyUnit enemy) with 0 prefixes, 1 postfixes, 0 transpilers, 0 finalizers
1 postfixes:
* static void NetworkPlugin.Patch.Network.SpawnedEnemySyncPatch+EnemyGroup_Add_Patch::Postfix(LBoL.Core.Units.EnemyGroup __instance, LBoL.Core.Units.EnemyUnit enemy)

[Info   :  HarmonyX] Running ILHook manipulator on void LBoL.Core.Units.EnemyGroup::Add(LBoL.Core.Units.EnemyUnit enemy)
[Info   :  HarmonyX] Writing postfixes
[Info   :  HarmonyX] Patching void LBoL.Presentation.Units.GameDirector::Update() with 0 prefixes, 13 postfixes, 0 transpilers, 0 finalizers
13 postfixes:
* static void NetworkPlugin.Patch.UI.OtherPlayersOverlayPatch::GameDirector_Update_Postfix()
* static void NetworkPlugin.Patch.UI.ShopTradeIconPatch::GameDirector_Update_Postfix()
* static void NetworkPlugin.Patch.Network.BattleReportForwardPatch::Postfix()
* static void NetworkPlugin.Patch.Network.MoodEffectSyncPatch::GameDirector_Update_Postfix()
* static void NetworkPlugin.Patch.Network.DebutBonusSyncPatch+SubscribeHook::Postfix()
* static void NetworkPlugin.Patch.Network.EndTurnSyncPatch+SubscribeHook::Postfix()
* static void NetworkPlugin.Patch.Network.EnemyIntentReceivePatch+SubscribeHook::Postfix()
* static void NetworkPlugin.Patch.Network.EnemyIntentSyncPatch+SubscribeHook::Postfix()
* static void NetworkPlugin.Patch.Network.EnemySpawnSyncPatch+SubscribeHook::Postfix()
* static void NetworkPlugin.Patch.Network.GameResultSyncPatch+SubscribeHook::Postfix()
* static void NetworkPlugin.Patch.Network.RemoteCardUsePatch+SubscribeHook::Postfix()
* static void NetworkPlugin.Patch.Network.SpawnedEnemySyncPatch+SubscribeHook::Postfix()
* static void NetworkPlugin.Patch.Network.TurnEndSnapshotReceivePatch+SubscribeHook::Postfix()

[Info   :  HarmonyX] Running ILHook manipulator on void LBoL.Presentation.Units.GameDirector::Update()
[Info   :  HarmonyX] Writing postfixes
[Info   :  HarmonyX] Patching void LBoL.Presentation.Units.GameDirector::Update() with 0 prefixes, 14 postfixes, 0 transpilers, 0 finalizers
14 postfixes:
* static void NetworkPlugin.Patch.UI.OtherPlayersOverlayPatch::GameDirector_Update_Postfix()
* static void NetworkPlugin.Patch.UI.ShopTradeIconPatch::GameDirector_Update_Postfix()
* static void NetworkPlugin.Patch.Network.BattleReportForwardPatch::Postfix()
* static void NetworkPlugin.Patch.Network.MoodEffectSyncPatch::GameDirector_Update_Postfix()
* static void NetworkPlugin.Patch.Network.DebutBonusSyncPatch+SubscribeHook::Postfix()
* static void NetworkPlugin.Patch.Network.EndTurnSyncPatch+SubscribeHook::Postfix()
* static void NetworkPlugin.Patch.Network.EnemyIntentReceivePatch+SubscribeHook::Postfix()
* static void NetworkPlugin.Patch.Network.EnemyIntentSyncPatch+SubscribeHook::Postfix()
* static void NetworkPlugin.Patch.Network.EnemySpawnSyncPatch+SubscribeHook::Postfix()
* static void NetworkPlugin.Patch.Network.GameResultSyncPatch+SubscribeHook::Postfix()
* static void NetworkPlugin.Patch.Network.RemoteCardUsePatch+SubscribeHook::Postfix()
* static void NetworkPlugin.Patch.Network.SpawnedEnemySyncPatch+SubscribeHook::Postfix()
* static void NetworkPlugin.Patch.Network.TurnEndSnapshotReceivePatch+SubscribeHook::Postfix()
* static void NetworkPlugin.Patch.Network.TurnStartSnapshotReceivePatch+SubscribeHook::Postfix()

[Info   :  HarmonyX] Running ILHook manipulator on void LBoL.Presentation.Units.GameDirector::Update()
[Info   :  HarmonyX] Writing postfixes
[Info   :  HarmonyX] Patching int LBoL.Presentation.GameMaster::get_CurrentProfileLevel() with 1 prefixes, 0 postfixes, 0 transpilers, 0 finalizers
1 prefixes:
* static bool NetworkPlugin.Patch.Network.UnlockEverythingForMPPatch+GameMaster_CurrentProfileLevel_Getter_Patch::Prefix(Int32& __result)

[Info   :  HarmonyX] Running ILHook manipulator on int LBoL.Presentation.GameMaster::get_CurrentProfileLevel()
[Info   :  HarmonyX] Writing prefixes
[Info   :  HarmonyX] Patching int LBoL.Core.GameRunStartupParameters::get_UnlockLevel() with 1 prefixes, 0 postfixes, 0 transpilers, 0 finalizers
1 prefixes:
* static bool NetworkPlugin.Patch.Network.UnlockEverythingForMPPatch+GameRunStartupParameters_UnlockLevel_Getter_Patch::Prefix(Int32& __result)

[Info   :  HarmonyX] Running ILHook manipulator on int LBoL.Core.GameRunStartupParameters::get_UnlockLevel()
[Info   :  HarmonyX] Writing prefixes
[Info   :  HarmonyX] Patching LBoL.Core.Units.EnemyUnit LBoL.Core.Battle.BattleController::Spawn(LBoL.Core.Units.EnemyUnit spawner, Type type, int rootIndex, bool isServant) with 1 prefixes, 1 postfixes, 0 transpilers, 0 finalizers
1 prefixes:
* static void NetworkPlugin.Patch.EnemyUnits.SpawnedEnemyManager+BattleController_Spawn_Patch::Prefix(LBoL.Core.Battle.BattleController __instance, LBoL.Core.Units.EnemyUnit spawner, Type type, int rootIndex, bool isServant, NetworkPlugin.Patch.EnemyUnits.SpawnedEnemyManager+RngSwapState& __state)
1 postfixes:
* static void NetworkPlugin.Patch.EnemyUnits.SpawnedEnemyManager+BattleController_Spawn_Patch::Postfix(LBoL.Core.Battle.BattleController __instance, LBoL.Core.Units.EnemyUnit spawner, Type type, int rootIndex, bool isServant, LBoL.Core.Units.EnemyUnit __result, NetworkPlugin.Patch.EnemyUnits.SpawnedEnemyManager+RngSwapState __state)

[Info   :  HarmonyX] Running ILHook manipulator on LBoL.Core.Units.EnemyUnit LBoL.Core.Battle.BattleController::Spawn(LBoL.Core.Units.EnemyUnit spawner, Type type, int rootIndex, bool isServant)
[Info   :  HarmonyX] Writing prefixes
[Info   :  HarmonyX] Writing postfixes
[Info   :Network Plugin] [Harmony] Patch result: ok=90, failed=0
[Info   :Network Plugin] 补丁已加载
[Info   :Network Plugin] === 当前配置信息 ===
[Info   :Network Plugin] 功能开关:
[Info   :Network Plugin]   卡牌同步: True
[Info   :Network Plugin]   法力同步: True
[Info   :Network Plugin]   战斗同步: True
[Info   :Network Plugin]   地图同步: True
[Info   :Network Plugin]   存档/读档同步: false (Deprecated)
[Info   :Network Plugin] 性能参数:
[Info   :Network Plugin]   最大队列大小: 100
[Info   :Network Plugin]   缓存过期时间: 5 分钟
[Info   :Network Plugin]   网络超时时间: 30 秒
[Info   :Network Plugin]   最大重连尝试: 5
[Info   :Network Plugin] 网络参数:
[Info   :Network Plugin]   PlayerIdOverride: www123
[Info   :Network Plugin]   服务器IP: 127.0.0.1
[Info   :Network Plugin]   服务器端口: 7777
[Info   :Network Plugin]   日志详细程度: 2
[Info   :Network Plugin] ===================
[Message:   BepInEx] Chainloader startup complete
[Info   :   ModLBoL] [ModLBoL] 检查到 Mod 加载完成
[Info   :  HarmonyX] Patching static void LBoL.Presentation.GameMaster::SetModInfos(System.Collections.Generic.IEnumerable<LBoL.Presentation.ModInfo> modInfos) with 1 prefixes, 0 postfixes, 0 transpilers, 0 finalizers
1 prefixes:
* static bool catrice.ModLBoL.AfterPluginLoaded::FakePrefix()

[Info   :  HarmonyX] Running ILHook manipulator on static void LBoL.Presentation.GameMaster::SetModInfos(System.Collections.Generic.IEnumerable<LBoL.Presentation.ModInfo> modInfos)
[Info   :  HarmonyX] Writing prefixes
[Info   :   ModLBoL] [ModLBoL] 设置 GameMaster.Modding = True
[Debug  :   ModLBoL] [ModLBoL] ModInfos 原为空，已创建新的列表实例。
[Info   :   ModLBoL] [ModLBoL] 记录加载成功 1 个，失败 1 个。
[Info   : Unity Log] RenderGraph is now enabled.
[Error  : Unity Log] Multiple Window Exists
[Info   :Network Plugin] [继续游戏] 用户选择：作为房主继续并开启联机
[Info   :Network Plugin] [ServerCore] Server started on port 7777
[Info   :   Console] [服务器] 已启动，监听端口 7777。
[Info   :Network Plugin] [服务器] 已启动，监听端口 7777。
[Info   :Network Plugin] [MainMenuMultiplayerEntry] Host server started: 127.0.0.1:7777
[Info   :   Console] [客户端] 网络客户端已启动。
[Info   :Network Plugin] [客户端] 网络客户端已启动。
[Info   :   Console] [客户端] 正在连接服务器 127.0.0.1:7777（密钥: <已隐藏>）...
[Info   :Network Plugin] [客户端] 正在连接服务器 127.0.0.1:7777（密钥: <已隐藏>）...
[Info   :   Console] [客户端] 已连接到服务器: 127.0.0.1:7777
[Info   :Network Plugin] [客户端] 已连接到服务器: 127.0.0.1:7777
[Info   :   Console] [服务器] 客户端已连接: 127.0.0.1:62078
[Info   :Network Plugin] [服务器] 客户端已连接: 127.0.0.1:62078
[Info   :Network Plugin] [SyncManager] 网络客户端初始化成功
[Info   :Network Plugin] [SyncManager] 同步管理器初始化完成
[Info   :Network Plugin] [SyncManager] 网络连接已恢复，开始处理队列事件
[Info   :   Console] [客户端] 已发送游戏事件: FullStateSyncRequest (指纹=0xdb089ba26c460a72, 长度=89, 预览="{\"RequestType\":\"FullSync\",\"RequestReason\":\"ManualRequest\",\"RequestId\":639052816695804589}")
[Debug  :Network Plugin] [客户端] 已发送游戏事件: FullStateSyncRequest (指纹=0xdb089ba26c460a72, 长度=89, 预览="{\"RequestType\":\"FullSync\",\"RequestReason\":\"ManualRequest\",\"RequestId\":639052816695804589}")
[Info   :Network Plugin] [SyncManager] 发起完整状态同步请求: playerId=unknown_player, requestId=639052816695804589
[Info   :   Console] [客户端] 已发送游戏事件: OnConnectionEstablished (指纹=0xa254ea9e211b0252, 长度=60, 字段=Timestamp=639053104696200333 PlayerId="unknown_player")
[Debug  :Network Plugin] [客户端] 已发送游戏事件: OnConnectionEstablished (指纹=0xa254ea9e211b0252, 长度=60, 字段=Timestamp=639053104696200333 PlayerId="unknown_player")
[Info   :   Console] [客户端] 已发送游戏事件: PlayerJoined (指纹=0x120b6e531b086587, 长度=59, 字段=PlayerName="Player")
[Debug  :Network Plugin] [客户端] 已发送游戏事件: PlayerJoined (指纹=0x120b6e531b086587, 长度=59, 字段=PlayerName="Player")
[Info   :   Console] [客户端] Payload 预览(仅一次): event=PlayerListUpdate, 指纹=0xee4342b4a6347893, 长度=127, 预览="{\"Players\":[{\"PlayerId\":\"Player_0\",\"PlayerName\":\"\",\"IsHost\":true,\"IsConnected\":true,\"LocationX\":-1,\"LocationY\":-1,\"Stage\":-1}]}"
[Info   :Network Plugin] [客户端] Payload 预览(仅一次): event=PlayerListUpdate, 指纹=0xee4342b4a6347893, 长度=127, 预览="{\"Players\":[{\"PlayerId\":\"Player_0\",\"PlayerName\":\"\",\"IsHost\":true,\"IsConnected\":true,\"LocationX\":-1,\"LocationY\":-1,\"Stage\":-1}]}"
[Info   :   Console] [客户端] 收到游戏事件: PlayerListUpdate
[Debug  :Network Plugin] [客户端] 收到游戏事件: PlayerListUpdate
[Info   :   Console] [服务器] 收到游戏事件: type=FullStateSyncRequest, from=Player_0 (指纹=0xdb089ba26c460a72, 长度=89, 预览="{\"RequestType\":\"FullSync\",\"RequestReason\":\"ManualRequest\",\"RequestId\":639052816695804589}")
[Debug  :Network Plugin] [SyncManager] 接收到网络事件: PlayerListUpdate, 时间戳: 639053104696499091
[Info   :   Console] [服务器] 玩家加入: Player (Player_0)
[Info   :   Console] [服务器] 收到游戏事件: type=OnConnectionEstablished, from=Player_0 (指纹=0xa254ea9e211b0252, 长度=60, 字段=Timestamp=639053104696200333 PlayerId="unknown_player")
[Debug  :Network Plugin] [SyncManager] 单个事件应用成功: PlayerListUpdate 来自 remote (时间戳: 2026/1/29 19:07:49)
[Debug  :Network Plugin] [SyncManager] 事件处理成功: PlayerListUpdate, 时间戳: 639053104696499091
[Info   :   Console] [客户端] Payload 预览(仅一次): event=Welcome, 指纹=0x2bcb189e516e205e, 长度=253, 字段=PlayerId="Player_0" ReconnectToken=<已脱敏>
[Info   :Network Plugin] [客户端] Payload 预览(仅一次): event=Welcome, 指纹=0x2bcb189e516e205e, 长度=253, 字段=PlayerId="Player_0" ReconnectToken=<已脱敏>
[Info   :   Console] [客户端] 收到游戏事件: Welcome
[Debug  :Network Plugin] [客户端] 收到游戏事件: Welcome
[Debug  :Network Plugin] [SyncManager] 接收到网络事件: Welcome, 时间戳: 639053104696629564
[Debug  :Network Plugin] [SyncManager] 单个事件应用成功: Welcome 来自 remote (时间戳: 2026/1/29 19:07:49)
[Debug  :Network Plugin] [SyncManager] 事件处理成功: Welcome, 时间戳: 639053104696629564
[Info   :   Console] [客户端] Payload 预览(仅一次): event=FullStateSyncRequest, 指纹=0xdb089ba26c460a72, 长度=89, 预览="{\"RequestType\":\"FullSync\",\"RequestReason\":\"ManualRequest\",\"RequestId\":639052816695804589}"
[Info   :Network Plugin] [客户端] Payload 预览(仅一次): event=FullStateSyncRequest, 指纹=0xdb089ba26c460a72, 长度=89, 预览="{\"RequestType\":\"FullSync\",\"RequestReason\":\"ManualRequest\",\"RequestId\":639052816695804589}"
[Info   :   Console] [客户端] 收到游戏事件: FullStateSyncRequest
[Debug  :Network Plugin] [客户端] 收到游戏事件: FullStateSyncRequest
[Debug  :Network Plugin] [SyncManager] 接收到网络事件: FullStateSyncRequest, 时间戳: 639053104696644725
[Debug  :Network Plugin] [SyncManager] 单个事件应用成功: FullStateSyncRequest 来自 remote (时间戳: 2026/1/29 19:07:49)
[Debug  :Network Plugin] [SyncManager] 事件处理成功: FullStateSyncRequest, 时间戳: 639053104696644725
[Info   :   Console] [客户端] 收到游戏事件: PlayerListUpdate
[Debug  :Network Plugin] [客户端] 收到游戏事件: PlayerListUpdate
[Debug  :Network Plugin] [SyncManager] 接收到网络事件: PlayerListUpdate, 时间戳: 639053104696654711
[Debug  :Network Plugin] [SyncManager] 单个事件应用成功: PlayerListUpdate 来自 remote (时间戳: 2026/1/29 19:07:49)
[Debug  :Network Plugin] [SyncManager] 事件处理成功: PlayerListUpdate, 时间戳: 639053104696654711
[Info   :Network Plugin] [MainMenuMultiplayerEntry] 联机已连接，开始恢复存档进入游戏。
[Debug  :Network Plugin] [ReconnectionManager] Full snapshot created at 639052816718837968
[Info   :   Console] [客户端] 已发送请求: UpdatePlayerLocation (指纹=0xeab31f3e3b3b667f, 长度=91, 字段=LocationX=3 LocationY=2 LocationName="Adventure" Stage=1)
[Debug  :Network Plugin] [客户端] 已发送请求: UpdatePlayerLocation (指纹=0xeab31f3e3b3b667f, 长度=91, 字段=LocationX=3 LocationY=2 LocationName="Adventure" Stage=1)
[Info   :Network Plugin] [MapSyncPatch] 已发送位置同步: (3, 2) - Adventure (指纹=0xeab31f3e3b3b667f, 长度=91, 字段=LocationX=3 LocationY=2 LocationName="Adventure" Stage=1)
[Debug  :Network Plugin] [ReconnectionManager] Map checkpoint: id=cp00000001:station_finish, at=639052816883260421, reason=station_finish, nodeKey=1:3:2:Adventure
[Info   :   Console] [客户端] 收到游戏事件: PlayerListUpdate
[Debug  :Network Plugin] [客户端] 收到游戏事件: PlayerListUpdate
[Debug  :Network Plugin] [SyncManager] 接收到网络事件: PlayerListUpdate, 时间戳: 639053104883681398
[Debug  :Network Plugin] [SyncManager] 单个事件应用成功: PlayerListUpdate 来自 remote (时间戳: 2026/1/29 19:08:08)
[Debug  :Network Plugin] [SyncManager] 事件处理成功: PlayerListUpdate, 时间戳: 639053104883681398
[Debug  :Network Plugin] [ReconnectionManager] Map checkpoint: id=cp00000002:enter_node, at=639052816948864651, reason=enter_node, nodeKey=1:4:2:EliteEnemy
[Info   :   Console] [客户端] 已发送游戏事件: OnMapNodeEnter (指纹=0x5d624d12584a26cb, 长度=174, 字段=Timestamp=639052816948894868 PlayerId="Player_0")
[Debug  :Network Plugin] [客户端] 已发送游戏事件: OnMapNodeEnter (指纹=0x5d624d12584a26cb, 长度=174, 字段=Timestamp=639052816948894868 PlayerId="Player_0")
[Info   :   Console] [客户端] 已发送游戏事件: RoomStateRequest (指纹=0x290140ad70cf15c7, 长度=131, 字段=Timestamp=639052816949035436 RoomKey=<已脱敏>)
[Debug  :Network Plugin] [客户端] 已发送游戏事件: RoomStateRequest (指纹=0x290140ad70cf15c7, 长度=131, 字段=Timestamp=639052816949035436 RoomKey=<已脱敏>)
[Info   :   Console] [客户端] 已发送游戏事件: RoomStateResponse (指纹=0x74b1861b029e2102, 长度=361, 字段=Timestamp=639052816949098146 Act=0 X=0 Y=0 RoomKey=<已脱敏> RoomVersion=0)
[Debug  :Network Plugin] [客户端] 已发送游戏事件: RoomStateResponse (指纹=0x74b1861b029e2102, 长度=361, 字段=Timestamp=639052816949098146 Act=0 X=0 Y=0 RoomKey=<已脱敏> RoomVersion=0)
[Info   :   Console] [服务器] 收到游戏事件: type=RoomStateRequest, from=Player_0 (指纹=0x290140ad70cf15c7, 长度=131, 字段=Timestamp=639052816949035436 RoomKey=<已脱敏>)
[Info   :   Console] [服务器] 收到游戏事件: type=RoomStateResponse, from=Player_0 (指纹=0x74b1861b029e2102, 长度=361, 字段=Timestamp=639052816949098146 Act=0 X=0 Y=0 RoomKey=<已脱敏> RoomVersion=0)
[Info   :   Console] [服务器] 收到游戏事件: type=OnMapNodeEnter, from=Player_0 (指纹=0x5d624d12584a26cb, 长度=174, 字段=Timestamp=639052816948894868 PlayerId="Player_0")
[Debug  :Network Plugin] [DeathStateManager] All fake death records cleared
[Debug  :Network Plugin] [GameEventDeathSync] 战斗开始，死亡状态已重置
[Info   :   Console] [客户端] 已发送游戏事件: RoomStateUpload (指纹=0x4645903fdeeca314, 长度=1080, 字段=Timestamp=639052816960570856 Act=1 X=4 Y=2 RoomKey=<已脱敏> RoomVersion=0)
[Debug  :Network Plugin] [客户端] 已发送游戏事件: RoomStateUpload (指纹=0x4645903fdeeca314, 长度=1080, 字段=Timestamp=639052816960570856 Act=1 X=4 Y=2 RoomKey=<已脱敏> RoomVersion=0)
[Info   :   Console] [服务器] 收到游戏事件: type=RoomStateUpload, from=Player_0 (指纹=0x4645903fdeeca314, 长度=1080, 字段=Timestamp=639052816960570856 Act=1 X=4 Y=2 RoomKey=<已脱敏> RoomVersion=0)
[Info   :   Console] [客户端] 已发送请求: BattleEnemyIntentChanged (指纹=0x8612734951a9ca76, 长度=434, 字段=Timestamp=639053104971420997 Round=1)
[Debug  :Network Plugin] [客户端] 已发送请求: BattleEnemyIntentChanged (指纹=0x8612734951a9ca76, 长度=434, 字段=Timestamp=639053104971420997 Round=1)
[Debug  :Network Plugin] [EnemyIntentSync] Intentions updated. Enemy=桑尼 RootIndex=0 Round=1 EOT=True
[Info   :   Console] [客户端] 已发送请求: BattleEnemyIntentChanged (指纹=0x0beeadf4398b66bb, 长度=381, 字段=Timestamp=639053104971560339 Round=1)
[Debug  :Network Plugin] [客户端] 已发送请求: BattleEnemyIntentChanged (指纹=0x0beeadf4398b66bb, 长度=381, 字段=Timestamp=639053104971560339 Round=1)
[Debug  :Network Plugin] [EnemyIntentSync] Intentions updated. Enemy=露娜 RootIndex=1 Round=1 EOT=True
[Info   :   Console] [客户端] 已发送请求: BattleEnemyIntentChanged (指纹=0xf5ef8d6d34f20317, 长度=505, 字段=Timestamp=639053104971700926 Round=1)
[Debug  :Network Plugin] [客户端] 已发送请求: BattleEnemyIntentChanged (指纹=0xf5ef8d6d34f20317, 长度=505, 字段=Timestamp=639053104971700926 Round=1)
[Debug  :Network Plugin] [EnemyIntentSync] Intentions updated. Enemy=斯塔 RootIndex=2 Round=1 EOT=True
[Info   :   Console] [服务器] 收到游戏事件: type=BattleEnemyIntentChanged, from=Player_0 (指纹=0x8612734951a9ca76, 长度=434, 字段=Timestamp=639053104971420997 Round=1)
[Info   :   Console] [服务器] 收到游戏事件: type=BattleEnemyIntentChanged, from=Player_0 (指纹=0x0beeadf4398b66bb, 长度=381, 字段=Timestamp=639053104971560339 Round=1)
[Info   :   Console] [服务器] 收到游戏事件: type=BattleEnemyIntentChanged, from=Player_0 (指纹=0xf5ef8d6d34f20317, 长度=505, 字段=Timestamp=639053104971700926 Round=1)
[Info   :   Console] [客户端] 已发送游戏事件: ManaRegain (指纹=0x3f4a19115d173af1, 长度=615, 字段=Timestamp=639053104983846089 PlayerId="Reimu")
[Debug  :Network Plugin] [客户端] 已发送游戏事件: ManaRegain (指纹=0x3f4a19115d173af1, 长度=615, 字段=Timestamp=639053104983846089 PlayerId="Reimu")
[Info   :   Console] [服务器] 收到游戏事件: type=ManaRegain, from=Player_0 (指纹=0x3f4a19115d173af1, 长度=615, 字段=Timestamp=639053104983846089 PlayerId="Reimu")
[Info   :   Console] [客户端] 已发送游戏事件: ManaConsumeStarted (指纹=0x5df48723ca860548, 长度=498, 字段=Timestamp=639053105008024344 PlayerId="Reimu")
[Debug  :Network Plugin] [客户端] 已发送游戏事件: ManaConsumeStarted (指纹=0x5df48723ca860548, 长度=498, 字段=Timestamp=639053105008024344 PlayerId="Reimu")
[Info   :   Console] [客户端] 已发送游戏事件: ManaConsumeCompleted (指纹=0x1b4f96004aee79fd, 长度=499, 字段=Timestamp=639053105008049460 PlayerId="Reimu")
[Debug  :Network Plugin] [客户端] 已发送游戏事件: ManaConsumeCompleted (指纹=0x1b4f96004aee79fd, 长度=499, 字段=Timestamp=639053105008049460 PlayerId="Reimu")
[Info   :   Console] [服务器] 收到游戏事件: type=ManaConsumeStarted, from=Player_0 (指纹=0x5df48723ca860548, 长度=498, 字段=Timestamp=639053105008024344 PlayerId="Reimu")
[Info   :   Console] [服务器] 收到游戏事件: type=ManaConsumeCompleted, from=Player_0 (指纹=0x1b4f96004aee79fd, 长度=499, 字段=Timestamp=639053105008049460 PlayerId="Reimu")
[Info   :   Console] [客户端] 已发送游戏事件: CardStateChanged (指纹=0xe85b84ce2958152e, 长度=328, 字段=Timestamp=639053105010530176 PlayerId="Reimu")
[Debug  :Network Plugin] [客户端] 已发送游戏事件: CardStateChanged (指纹=0xe85b84ce2958152e, 长度=328, 字段=Timestamp=639053105010530176 PlayerId="Reimu")
[Info   :   Console] [客户端] 已发送游戏事件: CardStateChanged (指纹=0x570e38455c6e48b3, 长度=328, 字段=Timestamp=639053105010611053 PlayerId="Reimu")
[Debug  :Network Plugin] [客户端] 已发送游戏事件: CardStateChanged (指纹=0x570e38455c6e48b3, 长度=328, 字段=Timestamp=639053105010611053 PlayerId="Reimu")
[Info   :   Console] [服务器] 收到游戏事件: type=CardStateChanged, from=Player_0 (指纹=0xe85b84ce2958152e, 长度=328, 字段=Timestamp=639053105010530176 PlayerId="Reimu")
[Info   :   Console] [服务器] 收到游戏事件: type=CardStateChanged, from=Player_0 (指纹=0x570e38455c6e48b3, 长度=328, 字段=Timestamp=639053105010611053 PlayerId="Reimu")
[Debug  :Network Plugin] [ReconnectionManager] Full snapshot created at 639052817018817899
[Info   :   Console] [客户端] 已发送游戏事件: ManaConsumeStarted (指纹=0x4260e90b89854465, 长度=498, 字段=Timestamp=639053105136099431 PlayerId="Reimu")
[Debug  :Network Plugin] [客户端] 已发送游戏事件: ManaConsumeStarted (指纹=0x4260e90b89854465, 长度=498, 字段=Timestamp=639053105136099431 PlayerId="Reimu")
[Info   :   Console] [客户端] 已发送游戏事件: ManaConsumeCompleted (指纹=0x14ad163595a6577b, 长度=499, 字段=Timestamp=639053105136109414 PlayerId="Reimu")
[Debug  :Network Plugin] [客户端] 已发送游戏事件: ManaConsumeCompleted (指纹=0x14ad163595a6577b, 长度=499, 字段=Timestamp=639053105136109414 PlayerId="Reimu")
[Info   :   Console] [服务器] 收到游戏事件: type=ManaConsumeStarted, from=Player_0 (指纹=0x4260e90b89854465, 长度=498, 字段=Timestamp=639053105136099431 PlayerId="Reimu")
[Info   :   Console] [服务器] 收到游戏事件: type=ManaConsumeCompleted, from=Player_0 (指纹=0x14ad163595a6577b, 长度=499, 字段=Timestamp=639053105136109414 PlayerId="Reimu")
[Info   :   Console] [客户端] 已发送游戏事件: OnPlayerStateUpdate (指纹=0xd35674f7aae27e80, 长度=329, 字段=Timestamp=639053105142631339 PlayerId="Player_0" Round=1)
[Debug  :Network Plugin] [客户端] 已发送游戏事件: OnPlayerStateUpdate (指纹=0xd35674f7aae27e80, 长度=329, 字段=Timestamp=639053105142631339 PlayerId="Player_0" Round=1)
[Info   :   Console] [服务器] 收到游戏事件: type=OnPlayerStateUpdate, from=Player_0 (指纹=0xd35674f7aae27e80, 长度=329, 字段=Timestamp=639053105142631339 PlayerId="Player_0" Round=1)
[Info   :   Console] [客户端] 已发送游戏事件: ManaConsumeStarted (指纹=0x2b333d0b96a94fe5, 长度=498, 字段=Timestamp=639053105156197458 PlayerId="Reimu")
[Debug  :Network Plugin] [客户端] 已发送游戏事件: ManaConsumeStarted (指纹=0x2b333d0b96a94fe5, 长度=498, 字段=Timestamp=639053105156197458 PlayerId="Reimu")
[Info   :   Console] [客户端] 已发送游戏事件: ManaConsumeCompleted (指纹=0xaa2d254778142fa2, 长度=499, 字段=Timestamp=639053105156207492 PlayerId="Reimu")
[Debug  :Network Plugin] [客户端] 已发送游戏事件: ManaConsumeCompleted (指纹=0xaa2d254778142fa2, 长度=499, 字段=Timestamp=639053105156207492 PlayerId="Reimu")
[Info   :   Console] [服务器] 收到游戏事件: type=ManaConsumeStarted, from=Player_0 (指纹=0x2b333d0b96a94fe5, 长度=498, 字段=Timestamp=639053105156197458 PlayerId="Reimu")
[Info   :   Console] [服务器] 收到游戏事件: type=ManaConsumeCompleted, from=Player_0 (指纹=0xaa2d254778142fa2, 长度=499, 字段=Timestamp=639053105156207492 PlayerId="Reimu")
[Info   :   Console] [客户端] 已发送游戏事件: OnPlayerStateUpdate (指纹=0x2f5aaf979f3b4221, 长度=331, 字段=Timestamp=639053105162707152 PlayerId="Player_0" Round=1)
[Debug  :Network Plugin] [客户端] 已发送游戏事件: OnPlayerStateUpdate (指纹=0x2f5aaf979f3b4221, 长度=331, 字段=Timestamp=639053105162707152 PlayerId="Player_0" Round=1)
[Info   :   Console] [服务器] 收到游戏事件: type=OnPlayerStateUpdate, from=Player_0 (指纹=0x2f5aaf979f3b4221, 长度=331, 字段=Timestamp=639053105162707152 PlayerId="Player_0" Round=1)
[Info   :   Console] [客户端] 已发送游戏事件: EndTurnRequest (指纹=0xe9d1fbbcd42dd407, 长度=97, 字段=Timestamp=639053105182409659 PlayerId="Player_0" Round=1)
[Debug  :Network Plugin] [客户端] 已发送游戏事件: EndTurnRequest (指纹=0xe9d1fbbcd42dd407, 长度=97, 字段=Timestamp=639053105182409659 PlayerId="Player_0" Round=1)
[Info   :   Console] [客户端] 已发送游戏事件: EndTurnStatus (指纹=0x4d5ec77b05d5bf3e, 长度=110, 字段=Timestamp=639053105182438601 PlayerId="Player_0" Round=1)
[Debug  :Network Plugin] [客户端] 已发送游戏事件: EndTurnStatus (指纹=0x4d5ec77b05d5bf3e, 长度=110, 字段=Timestamp=639053105182438601 PlayerId="Player_0" Round=1)
[Info   :   Console] [客户端] 已发送游戏事件: EndTurnConfirm (指纹=0xe44bd4fa18b12005, 长度=91, 字段=Timestamp=639053105182469005 Round=1)
[Debug  :Network Plugin] [客户端] 已发送游戏事件: EndTurnConfirm (指纹=0xe44bd4fa18b12005, 长度=91, 字段=Timestamp=639053105182469005 Round=1)
[Info   :   Console] [客户端] 已发送游戏事件: RoomStateUpload (指纹=0x5083d492de95e5ce, 长度=1080, 字段=Timestamp=639052817182491021 Act=1 X=4 Y=2 RoomKey=<已脱敏> RoomVersion=0)
[Debug  :Network Plugin] [客户端] 已发送游戏事件: RoomStateUpload (指纹=0x5083d492de95e5ce, 长度=1080, 字段=Timestamp=639052817182491021 Act=1 X=4 Y=2 RoomKey=<已脱敏> RoomVersion=0)
[Info   :   Console] [客户端] 已发送游戏事件: RoomStateUpload (指纹=0x5083d492de95e5ce, 长度=1080, 字段=Timestamp=639052817182491021 Act=1 X=4 Y=2 RoomKey=<已脱敏> RoomVersion=0)
[Debug  :Network Plugin] [客户端] 已发送游戏事件: RoomStateUpload (指纹=0x5083d492de95e5ce, 长度=1080, 字段=Timestamp=639052817182491021 Act=1 X=4 Y=2 RoomKey=<已脱敏> RoomVersion=0)
[Info   :   Console] [服务器] 收到游戏事件: type=RoomStateUpload, from=Player_0 (指纹=0x5083d492de95e5ce, 长度=1080, 字段=Timestamp=639052817182491021 Act=1 X=4 Y=2 RoomKey=<已脱敏> RoomVersion=0)
[Info   :   Console] [服务器] 收到游戏事件: type=RoomStateUpload, from=Player_0 (指纹=0x5083d492de95e5ce, 长度=1080, 字段=Timestamp=639052817182491021 Act=1 X=4 Y=2 RoomKey=<已脱敏> RoomVersion=0)
[Info   :   Console] [服务器] 收到游戏事件: type=EndTurnRequest, from=Player_0 (指纹=0xe9d1fbbcd42dd407, 长度=97, 字段=Timestamp=639053105182409659 PlayerId="Player_0" Round=1)
[Info   :   Console] [服务器] 收到游戏事件: type=EndTurnStatus, from=Player_0 (指纹=0x4d5ec77b05d5bf3e, 长度=110, 字段=Timestamp=639053105182438601 PlayerId="Player_0" Round=1)
[Info   :   Console] [服务器] 收到游戏事件: type=EndTurnConfirm, from=Player_0 (指纹=0xe44bd4fa18b12005, 长度=91, 字段=Timestamp=639053105182469005 Round=1)
[Info   :   Console] [客户端] 已发送游戏事件: CardStateChanged (指纹=0x616b0e76d181f4d0, 长度=541, 字段=Timestamp=639053105184494980 PlayerId="Reimu")
[Debug  :Network Plugin] [客户端] 已发送游戏事件: CardStateChanged (指纹=0x616b0e76d181f4d0, 长度=541, 字段=Timestamp=639053105184494980 PlayerId="Reimu")
[Info   :   Console] [服务器] 收到游戏事件: type=CardStateChanged, from=Player_0 (指纹=0x616b0e76d181f4d0, 长度=541, 字段=Timestamp=639053105184494980 PlayerId="Reimu")
[Info   :   Console] [客户端] 已发送游戏事件: CardStateChanged (指纹=0xaaa6b93e9bf59203, 长度=507, 字段=Timestamp=639053105185286886 PlayerId="Reimu")
[Debug  :Network Plugin] [客户端] 已发送游戏事件: CardStateChanged (指纹=0xaaa6b93e9bf59203, 长度=507, 字段=Timestamp=639053105185286886 PlayerId="Reimu")
[Info   :   Console] [服务器] 收到游戏事件: type=CardStateChanged, from=Player_0 (指纹=0xaaa6b93e9bf59203, 长度=507, 字段=Timestamp=639053105185286886 PlayerId="Reimu")
[Info   :   Console] [客户端] 已发送游戏事件: CardStateChanged (指纹=0xefa2f9f918ce8a03, 长度=537, 字段=Timestamp=639053105186079030 PlayerId="Reimu")
[Debug  :Network Plugin] [客户端] 已发送游戏事件: CardStateChanged (指纹=0xefa2f9f918ce8a03, 长度=537, 字段=Timestamp=639053105186079030 PlayerId="Reimu")
[Info   :   Console] [服务器] 收到游戏事件: type=CardStateChanged, from=Player_0 (指纹=0xefa2f9f918ce8a03, 长度=537, 字段=Timestamp=639053105186079030 PlayerId="Reimu")
[Info   :   Console] [客户端] 已发送游戏事件: CardStateChanged (指纹=0x1a9b8fdecd4d732c, 长度=537, 字段=Timestamp=639053105186890034 PlayerId="Reimu")
[Debug  :Network Plugin] [客户端] 已发送游戏事件: CardStateChanged (指纹=0x1a9b8fdecd4d732c, 长度=537, 字段=Timestamp=639053105186890034 PlayerId="Reimu")
[Info   :   Console] [服务器] 收到游戏事件: type=CardStateChanged, from=Player_0 (指纹=0x1a9b8fdecd4d732c, 长度=537, 字段=Timestamp=639053105186890034 PlayerId="Reimu")
[Info   :   Console] [客户端] 已发送游戏事件: CardStateChanged (指纹=0x63e5ee889a9de1f1, 长度=326, 字段=Timestamp=639053105212291999 PlayerId="Reimu")
[Debug  :Network Plugin] [客户端] 已发送游戏事件: CardStateChanged (指纹=0x63e5ee889a9de1f1, 长度=326, 字段=Timestamp=639053105212291999 PlayerId="Reimu")
[Info   :   Console] [客户端] 已发送游戏事件: CardStateChanged (指纹=0xb17dcd971b653b5d, 长度=326, 字段=Timestamp=639053105212302131 PlayerId="Reimu")
[Debug  :Network Plugin] [客户端] 已发送游戏事件: CardStateChanged (指纹=0xb17dcd971b653b5d, 长度=326, 字段=Timestamp=639053105212302131 PlayerId="Reimu")
[Info   :   Console] [服务器] 收到游戏事件: type=CardStateChanged, from=Player_0 (指纹=0x63e5ee889a9de1f1, 长度=326, 字段=Timestamp=639053105212291999 PlayerId="Reimu")
[Info   :   Console] [服务器] 收到游戏事件: type=CardStateChanged, from=Player_0 (指纹=0xb17dcd971b653b5d, 长度=326, 字段=Timestamp=639053105212302131 PlayerId="Reimu")
[Info   :   Console] [客户端] 已发送游戏事件: CardStateChanged (指纹=0x2c685182118a1a1c, 长度=328, 字段=Timestamp=639053105224577046 PlayerId="Reimu")
[Debug  :Network Plugin] [客户端] 已发送游戏事件: CardStateChanged (指纹=0x2c685182118a1a1c, 长度=328, 字段=Timestamp=639053105224577046 PlayerId="Reimu")
[Info   :   Console] [服务器] 收到游戏事件: type=CardStateChanged, from=Player_0 (指纹=0x2c685182118a1a1c, 长度=328, 字段=Timestamp=639053105224577046 PlayerId="Reimu")
[Info   :   Console] [客户端] 已发送游戏事件: BattlePlayerDamageBroadcast (指纹=0x8a50fee3fc583d3c, 长度=422, 字段=Timestamp=639053105233994456 PlayerId="www123" PlayerName="白玉楼剑客" Round=1)
[Debug  :Network Plugin] [客户端] 已发送游戏事件: BattlePlayerDamageBroadcast (指纹=0x8a50fee3fc583d3c, 长度=422, 字段=Timestamp=639053105233994456 PlayerId="www123" PlayerName="白玉楼剑客" Round=1)
[Info   :Network Plugin] [BattlePlayerDamage] BattlePlayerDamageBroadcast Total=5.0 (HP: 0.0, Block: 0.0, Shield: 5.0). Remaining HP: 99/100
[Info   :   Console] [服务器] 收到游戏事件: type=BattlePlayerDamageBroadcast, from=Player_0 (指纹=0x8a50fee3fc583d3c, 长度=422, 字段=Timestamp=639053105233994456 PlayerId="www123" PlayerName="白玉楼剑客" Round=1)
[Info   :   Console] [客户端] 已发送游戏事件: BattlePlayerDamageBroadcast (指纹=0x808f34b443249ecc, 长度=421, 字段=Timestamp=639053105240380480 PlayerId="www123" PlayerName="白玉楼剑客" Round=1)
[Debug  :Network Plugin] [客户端] 已发送游戏事件: BattlePlayerDamageBroadcast (指纹=0x808f34b443249ecc, 长度=421, 字段=Timestamp=639053105240380480 PlayerId="www123" PlayerName="白玉楼剑客" Round=1)
[Info   :Network Plugin] [BattlePlayerDamage] BattlePlayerDamageBroadcast Total=5.0 (HP: 0.0, Block: 0.0, Shield: 5.0). Remaining HP: 99/100
[Info   :   Console] [服务器] 收到游戏事件: type=BattlePlayerDamageBroadcast, from=Player_0 (指纹=0x808f34b443249ecc, 长度=421, 字段=Timestamp=639053105240380480 PlayerId="www123" PlayerName="白玉楼剑客" Round=1)
[Info   :   Console] [客户端] 已发送请求: BattleEnemyIntentChanged (指纹=0x17161542bfb93e89, 长度=472, 字段=Timestamp=639053105244785375 Round=2)
[Debug  :Network Plugin] [客户端] 已发送请求: BattleEnemyIntentChanged (指纹=0x17161542bfb93e89, 长度=472, 字段=Timestamp=639053105244785375 Round=2)
[Debug  :Network Plugin] [EnemyIntentSync] Intentions updated. Enemy=桑尼 RootIndex=0 Round=2 EOT=True
[Info   :   Console] [客户端] 已发送请求: BattleEnemyIntentChanged (指纹=0xb70e52bf751340ac, 长度=470, 字段=Timestamp=639053105244800411 Round=2)
[Debug  :Network Plugin] [客户端] 已发送请求: BattleEnemyIntentChanged (指纹=0xb70e52bf751340ac, 长度=470, 字段=Timestamp=639053105244800411 Round=2)
[Debug  :Network Plugin] [EnemyIntentSync] Intentions updated. Enemy=露娜 RootIndex=1 Round=2 EOT=True
[Info   :   Console] [客户端] 已发送请求: BattleEnemyIntentChanged (指纹=0x93d8d4d02584bd4c, 长度=381, 字段=Timestamp=639053105244800411 Round=2)
[Debug  :Network Plugin] [客户端] 已发送请求: BattleEnemyIntentChanged (指纹=0x93d8d4d02584bd4c, 长度=381, 字段=Timestamp=639053105244800411 Round=2)
[Debug  :Network Plugin] [EnemyIntentSync] Intentions updated. Enemy=斯塔 RootIndex=2 Round=2 EOT=True
[Info   :   Console] [服务器] 收到游戏事件: type=BattleEnemyIntentChanged, from=Player_0 (指纹=0x17161542bfb93e89, 长度=472, 字段=Timestamp=639053105244785375 Round=2)
[Info   :   Console] [服务器] 收到游戏事件: type=BattleEnemyIntentChanged, from=Player_0 (指纹=0xb70e52bf751340ac, 长度=470, 字段=Timestamp=639053105244800411 Round=2)
[Info   :   Console] [服务器] 收到游戏事件: type=BattleEnemyIntentChanged, from=Player_0 (指纹=0x93d8d4d02584bd4c, 长度=381, 字段=Timestamp=639053105244800411 Round=2)
[Info   :   Console] [客户端] 已发送游戏事件: ManaRegain (指纹=0xe2c526fbce9d5797, 长度=615, 字段=Timestamp=639053105255975999 PlayerId="Reimu")
[Debug  :Network Plugin] [客户端] 已发送游戏事件: ManaRegain (指纹=0xe2c526fbce9d5797, 长度=615, 字段=Timestamp=639053105255975999 PlayerId="Reimu")
[Info   :   Console] [服务器] 收到游戏事件: type=ManaRegain, from=Player_0 (指纹=0xe2c526fbce9d5797, 长度=615, 字段=Timestamp=639053105255975999 PlayerId="Reimu")
[Info   :   Console] [客户端] 已发送游戏事件: ManaConsumeStarted (指纹=0x813cd868eee9fe1d, 长度=498, 字段=Timestamp=639053105280460264 PlayerId="Reimu")
[Debug  :Network Plugin] [客户端] 已发送游戏事件: ManaConsumeStarted (指纹=0x813cd868eee9fe1d, 长度=498, 字段=Timestamp=639053105280460264 PlayerId="Reimu")
[Info   :   Console] [客户端] 已发送游戏事件: ManaConsumeCompleted (指纹=0xe213bbd93d123b96, 长度=499, 字段=Timestamp=639053105280475376 PlayerId="Reimu")
[Debug  :Network Plugin] [客户端] 已发送游戏事件: ManaConsumeCompleted (指纹=0xe213bbd93d123b96, 长度=499, 字段=Timestamp=639053105280475376 PlayerId="Reimu")
[Info   :   Console] [服务器] 收到游戏事件: type=ManaConsumeStarted, from=Player_0 (指纹=0x813cd868eee9fe1d, 长度=498, 字段=Timestamp=639053105280460264 PlayerId="Reimu")
[Info   :   Console] [服务器] 收到游戏事件: type=ManaConsumeCompleted, from=Player_0 (指纹=0xe213bbd93d123b96, 长度=499, 字段=Timestamp=639053105280475376 PlayerId="Reimu")
[Info   :   Console] [客户端] 已发送游戏事件: CardStateChanged (指纹=0x179ca0fa53eaa1e8, 长度=557, 字段=Timestamp=639053105294169460 PlayerId="Reimu")
[Debug  :Network Plugin] [客户端] 已发送游戏事件: CardStateChanged (指纹=0x179ca0fa53eaa1e8, 长度=557, 字段=Timestamp=639053105294169460 PlayerId="Reimu")
[Info   :   Console] [服务器] 收到游戏事件: type=CardStateChanged, from=Player_0 (指纹=0x179ca0fa53eaa1e8, 长度=557, 字段=Timestamp=639053105294169460 PlayerId="Reimu")
[Info   :   Console] [客户端] 已发送游戏事件: ManaConsumeStarted (指纹=0xbc399bcd8b7fa432, 长度=498, 字段=Timestamp=639053105311068190 PlayerId="Reimu")
[Debug  :Network Plugin] [客户端] 已发送游戏事件: ManaConsumeStarted (指纹=0xbc399bcd8b7fa432, 长度=498, 字段=Timestamp=639053105311068190 PlayerId="Reimu")
[Info   :   Console] [客户端] 已发送游戏事件: ManaConsumeCompleted (指纹=0xa7f1574bb1922dbc, 长度=499, 字段=Timestamp=639053105311083224 PlayerId="Reimu")
[Debug  :Network Plugin] [客户端] 已发送游戏事件: ManaConsumeCompleted (指纹=0xa7f1574bb1922dbc, 长度=499, 字段=Timestamp=639053105311083224 PlayerId="Reimu")
[Info   :   Console] [服务器] 收到游戏事件: type=ManaConsumeStarted, from=Player_0 (指纹=0xbc399bcd8b7fa432, 长度=498, 字段=Timestamp=639053105311068190 PlayerId="Reimu")
[Info   :   Console] [服务器] 收到游戏事件: type=ManaConsumeCompleted, from=Player_0 (指纹=0xa7f1574bb1922dbc, 长度=499, 字段=Timestamp=639053105311083224 PlayerId="Reimu")
[Debug  :Network Plugin] [ReconnectionManager] Full snapshot created at 639052817318818319
[Info   :   Console] [客户端] 已发送游戏事件: BattlePlayerStatusEffectsDeltaBroadcast (指纹=0xa58839c2b5497695, 长度=349, 字段=Timestamp=639053105323405085 PlayerId="www123" PlayerName="白玉楼剑客" Round=2)
[Debug  :Network Plugin] [客户端] 已发送游戏事件: BattlePlayerStatusEffectsDeltaBroadcast (指纹=0xa58839c2b5497695, 长度=349, 字段=Timestamp=639053105323405085 PlayerId="www123" PlayerName="白玉楼剑客" Round=2)
[Info   :   Console] [客户端] 已发送游戏事件: BattlePlayerStatusEffectsFullBroadcast (指纹=0x797611d14a665077, 长度=264, 字段=Timestamp=639053105323475800 PlayerId="www123" PlayerName="白玉楼剑客" Round=2)
[Debug  :Network Plugin] [客户端] 已发送游戏事件: BattlePlayerStatusEffectsFullBroadcast (指纹=0x797611d14a665077, 长度=264, 字段=Timestamp=639053105323475800 PlayerId="www123" PlayerName="白玉楼剑客" Round=2)
[Info   :   Console] [服务器] 收到游戏事件: type=BattlePlayerStatusEffectsDeltaBroadcast, from=Player_0 (指纹=0xa58839c2b5497695, 长度=349, 字段=Timestamp=639053105323405085 PlayerId="www123" PlayerName="白玉楼剑客" Round=2)
[Info   :   Console] [服务器] 收到游戏事件: type=BattlePlayerStatusEffectsFullBroadcast, from=Player_0 (指纹=0x797611d14a665077, 长度=264, 字段=Timestamp=639053105323475800 PlayerId="www123" PlayerName="白玉楼剑客" Round=2)
[Info   :   Console] [客户端] 已发送游戏事件: CardStateChanged (指纹=0x363b7ecc8fcdcfee, 长度=545, 字段=Timestamp=639053105324858636 PlayerId="Reimu")
[Debug  :Network Plugin] [客户端] 已发送游戏事件: CardStateChanged (指纹=0x363b7ecc8fcdcfee, 长度=545, 字段=Timestamp=639053105324858636 PlayerId="Reimu")
[Info   :   Console] [服务器] 收到游戏事件: type=CardStateChanged, from=Player_0 (指纹=0x363b7ecc8fcdcfee, 长度=545, 字段=Timestamp=639053105324858636 PlayerId="Reimu")
[Info   :   Console] [客户端] 已发送游戏事件: ManaConsumeStarted (指纹=0x0fe8ff1813a8acfa, 长度=498, 字段=Timestamp=639053105352159934 PlayerId="Reimu")
[Debug  :Network Plugin] [客户端] 已发送游戏事件: ManaConsumeStarted (指纹=0x0fe8ff1813a8acfa, 长度=498, 字段=Timestamp=639053105352159934 PlayerId="Reimu")
[Info   :   Console] [客户端] 已发送游戏事件: ManaConsumeCompleted (指纹=0xa2dc10fa7c8a54c5, 长度=499, 字段=Timestamp=639053105352159934 PlayerId="Reimu")
[Debug  :Network Plugin] [客户端] 已发送游戏事件: ManaConsumeCompleted (指纹=0xa2dc10fa7c8a54c5, 长度=499, 字段=Timestamp=639053105352159934 PlayerId="Reimu")
[Info   :   Console] [服务器] 收到游戏事件: type=ManaConsumeStarted, from=Player_0 (指纹=0x0fe8ff1813a8acfa, 长度=498, 字段=Timestamp=639053105352159934 PlayerId="Reimu")
[Info   :   Console] [服务器] 收到游戏事件: type=ManaConsumeCompleted, from=Player_0 (指纹=0xa2dc10fa7c8a54c5, 长度=499, 字段=Timestamp=639053105352159934 PlayerId="Reimu")
[Info   :   Console] [客户端] 已发送游戏事件: OnPlayerStateUpdate (指纹=0x15fe189389a9d025, 长度=332, 字段=Timestamp=639053105353757678 PlayerId="Player_0" Round=2)
[Debug  :Network Plugin] [客户端] 已发送游戏事件: OnPlayerStateUpdate (指纹=0x15fe189389a9d025, 长度=332, 字段=Timestamp=639053105353757678 PlayerId="Player_0" Round=2)
[Info   :   Console] [服务器] 收到游戏事件: type=OnPlayerStateUpdate, from=Player_0 (指纹=0x15fe189389a9d025, 长度=332, 字段=Timestamp=639053105353757678 PlayerId="Player_0" Round=2)
[Info   :   Console] [客户端] 已发送游戏事件: CardStateChanged (指纹=0x37147baab8d1a8a1, 长度=545, 字段=Timestamp=639053105357052215 PlayerId="Reimu")
[Debug  :Network Plugin] [客户端] 已发送游戏事件: CardStateChanged (指纹=0x37147baab8d1a8a1, 长度=545, 字段=Timestamp=639053105357052215 PlayerId="Reimu")
[Info   :   Console] [服务器] 收到游戏事件: type=CardStateChanged, from=Player_0 (指纹=0x37147baab8d1a8a1, 长度=545, 字段=Timestamp=639053105357052215 PlayerId="Reimu")
[Info   :   Console] [客户端] 已发送游戏事件: EndTurnRequest (指纹=0xbd9a1f205324d414, 长度=97, 字段=Timestamp=639053105374849841 PlayerId="Player_0" Round=2)
[Debug  :Network Plugin] [客户端] 已发送游戏事件: EndTurnRequest (指纹=0xbd9a1f205324d414, 长度=97, 字段=Timestamp=639053105374849841 PlayerId="Player_0" Round=2)
[Info   :   Console] [客户端] 已发送游戏事件: EndTurnStatus (指纹=0x735da6bf133ccd4d, 长度=110, 字段=Timestamp=639053105374862335 PlayerId="Player_0" Round=2)
[Debug  :Network Plugin] [客户端] 已发送游戏事件: EndTurnStatus (指纹=0x735da6bf133ccd4d, 长度=110, 字段=Timestamp=639053105374862335 PlayerId="Player_0" Round=2)
[Info   :   Console] [客户端] 已发送游戏事件: EndTurnConfirm (指纹=0x41a3383a86d4e5d7, 长度=91, 字段=Timestamp=639053105374872317 Round=2)
[Debug  :Network Plugin] [客户端] 已发送游戏事件: EndTurnConfirm (指纹=0x41a3383a86d4e5d7, 长度=91, 字段=Timestamp=639053105374872317 Round=2)
[Info   :   Console] [客户端] 已发送游戏事件: RoomStateUpload (指纹=0xfd14c573cc75e9a4, 长度=1080, 字段=Timestamp=639052817374872317 Act=1 X=4 Y=2 RoomKey=<已脱敏> RoomVersion=0)
[Debug  :Network Plugin] [客户端] 已发送游戏事件: RoomStateUpload (指纹=0xfd14c573cc75e9a4, 长度=1080, 字段=Timestamp=639052817374872317 Act=1 X=4 Y=2 RoomKey=<已脱敏> RoomVersion=0)
[Info   :   Console] [客户端] 已发送游戏事件: RoomStateUpload (指纹=0x8300765bfbdd5404, 长度=1080, 字段=Timestamp=639052817374884424 Act=1 X=4 Y=2 RoomKey=<已脱敏> RoomVersion=0)
[Debug  :Network Plugin] [客户端] 已发送游戏事件: RoomStateUpload (指纹=0x8300765bfbdd5404, 长度=1080, 字段=Timestamp=639052817374884424 Act=1 X=4 Y=2 RoomKey=<已脱敏> RoomVersion=0)
[Info   :   Console] [服务器] 收到游戏事件: type=RoomStateUpload, from=Player_0 (指纹=0xfd14c573cc75e9a4, 长度=1080, 字段=Timestamp=639052817374872317 Act=1 X=4 Y=2 RoomKey=<已脱敏> RoomVersion=0)
[Info   :   Console] [服务器] 收到游戏事件: type=RoomStateUpload, from=Player_0 (指纹=0x8300765bfbdd5404, 长度=1080, 字段=Timestamp=639052817374884424 Act=1 X=4 Y=2 RoomKey=<已脱敏> RoomVersion=0)
[Info   :   Console] [服务器] 收到游戏事件: type=EndTurnRequest, from=Player_0 (指纹=0xbd9a1f205324d414, 长度=97, 字段=Timestamp=639053105374849841 PlayerId="Player_0" Round=2)
[Info   :   Console] [服务器] 收到游戏事件: type=EndTurnStatus, from=Player_0 (指纹=0x735da6bf133ccd4d, 长度=110, 字段=Timestamp=639053105374862335 PlayerId="Player_0" Round=2)
[Info   :   Console] [服务器] 收到游戏事件: type=EndTurnConfirm, from=Player_0 (指纹=0x41a3383a86d4e5d7, 长度=91, 字段=Timestamp=639053105374872317 Round=2)
[Info   :   Console] [客户端] 已发送游戏事件: BattlePlayerDamageBroadcast (指纹=0xd2132c507dd9dd83, 长度=425, 字段=Timestamp=639053105375846524 PlayerId="www123" PlayerName="白玉楼剑客" Round=2)
[Debug  :Network Plugin] [客户端] 已发送游戏事件: BattlePlayerDamageBroadcast (指纹=0xd2132c507dd9dd83, 长度=425, 字段=Timestamp=639053105375846524 PlayerId="www123" PlayerName="白玉楼剑客" Round=2)
[Info   :Network Plugin] [BattlePlayerDamage] BattlePlayerDamageBroadcast Total=5.0 (HP: 0.0, Block: 5.0, Shield: 0.0). Remaining HP: 99/100
[Info   :   Console] [服务器] 收到游戏事件: type=BattlePlayerDamageBroadcast, from=Player_0 (指纹=0xd2132c507dd9dd83, 长度=425, 字段=Timestamp=639053105375846524 PlayerId="www123" PlayerName="白玉楼剑客" Round=2)
[Info   :   Console] [客户端] 已发送游戏事件: CardStateChanged (指纹=0x35937a1bdf468652, 长度=519, 字段=Timestamp=639053105379958871 PlayerId="Reimu")
[Debug  :Network Plugin] [客户端] 已发送游戏事件: CardStateChanged (指纹=0x35937a1bdf468652, 长度=519, 字段=Timestamp=639053105379958871 PlayerId="Reimu")
[Info   :   Console] [服务器] 收到游戏事件: type=CardStateChanged, from=Player_0 (指纹=0x35937a1bdf468652, 长度=519, 字段=Timestamp=639053105379958871 PlayerId="Reimu")
[Info   :   Console] [客户端] 已发送游戏事件: CardStateChanged (指纹=0xf45066d32aa506cd, 长度=541, 字段=Timestamp=639053105380747757 PlayerId="Reimu")
[Debug  :Network Plugin] [客户端] 已发送游戏事件: CardStateChanged (指纹=0xf45066d32aa506cd, 长度=541, 字段=Timestamp=639053105380747757 PlayerId="Reimu")
[Info   :   Console] [服务器] 收到游戏事件: type=CardStateChanged, from=Player_0 (指纹=0xf45066d32aa506cd, 长度=541, 字段=Timestamp=639053105380747757 PlayerId="Reimu")
[Info   :   Console] [客户端] 已发送游戏事件: CardStateChanged (指纹=0x040e83201fd9d55a, 长度=519, 字段=Timestamp=639053105381559961 PlayerId="Reimu")
[Debug  :Network Plugin] [客户端] 已发送游戏事件: CardStateChanged (指纹=0x040e83201fd9d55a, 长度=519, 字段=Timestamp=639053105381559961 PlayerId="Reimu")
[Info   :   Console] [服务器] 收到游戏事件: type=CardStateChanged, from=Player_0 (指纹=0x040e83201fd9d55a, 长度=519, 字段=Timestamp=639053105381559961 PlayerId="Reimu")
[Info   :   Console] [客户端] 已发送游戏事件: CardStateChanged (指纹=0xd87a0e515d9e24da, 长度=537, 字段=Timestamp=639053105382349062 PlayerId="Reimu")
[Debug  :Network Plugin] [客户端] 已发送游戏事件: CardStateChanged (指纹=0xd87a0e515d9e24da, 长度=537, 字段=Timestamp=639053105382349062 PlayerId="Reimu")
[Info   :   Console] [服务器] 收到游戏事件: type=CardStateChanged, from=Player_0 (指纹=0xd87a0e515d9e24da, 长度=537, 字段=Timestamp=639053105382349062 PlayerId="Reimu")
[Info   :   Console] [客户端] 已发送游戏事件: CardStateChanged (指纹=0xd8a3fa4229facb7a, 长度=537, 字段=Timestamp=639053105383150461 PlayerId="Reimu")
[Debug  :Network Plugin] [客户端] 已发送游戏事件: CardStateChanged (指纹=0xd8a3fa4229facb7a, 长度=537, 字段=Timestamp=639053105383150461 PlayerId="Reimu")
[Info   :   Console] [服务器] 收到游戏事件: type=CardStateChanged, from=Player_0 (指纹=0xd8a3fa4229facb7a, 长度=537, 字段=Timestamp=639053105383150461 PlayerId="Reimu")
[Info   :   Console] [客户端] 已发送游戏事件: BattlePlayerStatusEffectsDeltaBroadcast (指纹=0x5a9f67d5391a3863, 长度=349, 字段=Timestamp=639053105384862464 PlayerId="www123" PlayerName="白玉楼剑客" Round=2)
[Debug  :Network Plugin] [客户端] 已发送游戏事件: BattlePlayerStatusEffectsDeltaBroadcast (指纹=0x5a9f67d5391a3863, 长度=349, 字段=Timestamp=639053105384862464 PlayerId="www123" PlayerName="白玉楼剑客" Round=2)
[Info   :   Console] [服务器] 收到游戏事件: type=BattlePlayerStatusEffectsDeltaBroadcast, from=Player_0 (指纹=0x5a9f67d5391a3863, 长度=349, 字段=Timestamp=639053105384862464 PlayerId="www123" PlayerName="白玉楼剑客" Round=2)
[Info   :   Console] [客户端] 已发送游戏事件: BattlePlayerDamageBroadcast (指纹=0x1c2b51833fced2c8, 长度=424, 字段=Timestamp=639053105397757105 PlayerId="www123" PlayerName="白玉楼剑客" Round=2)
[Debug  :Network Plugin] [客户端] 已发送游戏事件: BattlePlayerDamageBroadcast (指纹=0x1c2b51833fced2c8, 长度=424, 字段=Timestamp=639053105397757105 PlayerId="www123" PlayerName="白玉楼剑客" Round=2)
[Info   :Network Plugin] [BattlePlayerDamage] BattlePlayerDamageBroadcast Total=12.0 (HP: 1.0, Block: 5.0, Shield: 6.0). Remaining HP: 98/100
[Info   :   Console] [服务器] 收到游戏事件: type=BattlePlayerDamageBroadcast, from=Player_0 (指纹=0x1c2b51833fced2c8, 长度=424, 字段=Timestamp=639053105397757105 PlayerId="www123" PlayerName="白玉楼剑客" Round=2)
[Info   :   Console] [客户端] 已发送游戏事件: BattlePlayerDamageBroadcast (指纹=0xc04357b05335ffe2, 长度=423, 字段=Timestamp=639053105406237299 PlayerId="www123" PlayerName="白玉楼剑客" Round=2)
[Debug  :Network Plugin] [客户端] 已发送游戏事件: BattlePlayerDamageBroadcast (指纹=0xc04357b05335ffe2, 长度=423, 字段=Timestamp=639053105406237299 PlayerId="www123" PlayerName="白玉楼剑客" Round=2)
[Info   :Network Plugin] [BattlePlayerDamage] BattlePlayerDamageBroadcast Total=12.0 (HP: 12.0, Block: 0.0, Shield: 0.0). Remaining HP: 86/100
[Info   :   Console] [服务器] 收到游戏事件: type=BattlePlayerDamageBroadcast, from=Player_0 (指纹=0xc04357b05335ffe2, 长度=423, 字段=Timestamp=639053105406237299 PlayerId="www123" PlayerName="白玉楼剑客" Round=2)
[Info   :   Console] [客户端] 已发送游戏事件: CardStateChanged (指纹=0x745c0b7c14106e13, 长度=330, 字段=Timestamp=639053105418234397 PlayerId="Reimu")
[Debug  :Network Plugin] [客户端] 已发送游戏事件: CardStateChanged (指纹=0x745c0b7c14106e13, 长度=330, 字段=Timestamp=639053105418234397 PlayerId="Reimu")
[Info   :   Console] [客户端] 已发送游戏事件: CardStateChanged (指纹=0x881cda64717e0336, 长度=330, 字段=Timestamp=639053105418254928 PlayerId="Reimu")
[Debug  :Network Plugin] [客户端] 已发送游戏事件: CardStateChanged (指纹=0x881cda64717e0336, 长度=330, 字段=Timestamp=639053105418254928 PlayerId="Reimu")
[Info   :   Console] [服务器] 收到游戏事件: type=CardStateChanged, from=Player_0 (指纹=0x745c0b7c14106e13, 长度=330, 字段=Timestamp=639053105418234397 PlayerId="Reimu")
[Info   :   Console] [服务器] 收到游戏事件: type=CardStateChanged, from=Player_0 (指纹=0x881cda64717e0336, 长度=330, 字段=Timestamp=639053105418254928 PlayerId="Reimu")
[Info   :   Console] [客户端] 已发送请求: BattleEnemyIntentChanged (指纹=0x19cc15bf0732cd02, 长度=383, 字段=Timestamp=639053105427258441 Round=3)
[Debug  :Network Plugin] [客户端] 已发送请求: BattleEnemyIntentChanged (指纹=0x19cc15bf0732cd02, 长度=383, 字段=Timestamp=639053105427258441 Round=3)
[Debug  :Network Plugin] [EnemyIntentSync] Intentions updated. Enemy=桑尼 RootIndex=0 Round=3 EOT=True
[Info   :   Console] [客户端] 已发送请求: BattleEnemyIntentChanged (指纹=0x97a897e56a83bab5, 长度=381, 字段=Timestamp=639053105427273474 Round=3)
[Debug  :Network Plugin] [客户端] 已发送请求: BattleEnemyIntentChanged (指纹=0x97a897e56a83bab5, 长度=381, 字段=Timestamp=639053105427273474 Round=3)
[Debug  :Network Plugin] [EnemyIntentSync] Intentions updated. Enemy=露娜 RootIndex=1 Round=3 EOT=True
[Info   :   Console] [客户端] 已发送请求: BattleEnemyIntentChanged (指纹=0x9f866711409426d9, 长度=505, 字段=Timestamp=639053105427293764 Round=3)
[Debug  :Network Plugin] [客户端] 已发送请求: BattleEnemyIntentChanged (指纹=0x9f866711409426d9, 长度=505, 字段=Timestamp=639053105427293764 Round=3)
[Debug  :Network Plugin] [EnemyIntentSync] Intentions updated. Enemy=斯塔 RootIndex=2 Round=3 EOT=True
[Info   :   Console] [服务器] 收到游戏事件: type=BattleEnemyIntentChanged, from=Player_0 (指纹=0x19cc15bf0732cd02, 长度=383, 字段=Timestamp=639053105427258441 Round=3)
[Info   :   Console] [服务器] 收到游戏事件: type=BattleEnemyIntentChanged, from=Player_0 (指纹=0x97a897e56a83bab5, 长度=381, 字段=Timestamp=639053105427273474 Round=3)
[Info   :   Console] [服务器] 收到游戏事件: type=BattleEnemyIntentChanged, from=Player_0 (指纹=0x9f866711409426d9, 长度=505, 字段=Timestamp=639053105427293764 Round=3)
[Info   :   Console] [客户端] 已发送游戏事件: ManaRegain (指纹=0x1d350d7cfb925fa6, 长度=615, 字段=Timestamp=639053105438430401 PlayerId="Reimu")
[Debug  :Network Plugin] [客户端] 已发送游戏事件: ManaRegain (指纹=0x1d350d7cfb925fa6, 长度=615, 字段=Timestamp=639053105438430401 PlayerId="Reimu")
[Info   :   Console] [服务器] 收到游戏事件: type=ManaRegain, from=Player_0 (指纹=0x1d350d7cfb925fa6, 长度=615, 字段=Timestamp=639053105438430401 PlayerId="Reimu")
[Info   :   Console] [客户端] 已发送游戏事件: ManaConsumeCompleted (指纹=0x90b297b55427c90a, 长度=625, 字段=Timestamp=639053105440231257 PlayerId="Reimu")
[Debug  :Network Plugin] [客户端] 已发送游戏事件: ManaConsumeCompleted (指纹=0x90b297b55427c90a, 长度=625, 字段=Timestamp=639053105440231257 PlayerId="Reimu")
[Info   :   Console] [服务器] 收到游戏事件: type=ManaConsumeCompleted, from=Player_0 (指纹=0x90b297b55427c90a, 长度=625, 字段=Timestamp=639053105440231257 PlayerId="Reimu")
[Info   :   Console] [客户端] 已发送游戏事件: ManaConsumeStarted (指纹=0x5fff6e7109398ac9, 长度=498, 字段=Timestamp=639053105493210678 PlayerId="Reimu")
[Debug  :Network Plugin] [客户端] 已发送游戏事件: ManaConsumeStarted (指纹=0x5fff6e7109398ac9, 长度=498, 字段=Timestamp=639053105493210678 PlayerId="Reimu")
[Info   :   Console] [客户端] 已发送游戏事件: ManaConsumeCompleted (指纹=0xb427dff07b340064, 长度=499, 字段=Timestamp=639053105493225708 PlayerId="Reimu")
[Debug  :Network Plugin] [客户端] 已发送游戏事件: ManaConsumeCompleted (指纹=0xb427dff07b340064, 长度=499, 字段=Timestamp=639053105493225708 PlayerId="Reimu")
[Info   :   Console] [服务器] 收到游戏事件: type=ManaConsumeStarted, from=Player_0 (指纹=0x5fff6e7109398ac9, 长度=498, 字段=Timestamp=639053105493210678 PlayerId="Reimu")
[Info   :   Console] [服务器] 收到游戏事件: type=ManaConsumeCompleted, from=Player_0 (指纹=0xb427dff07b340064, 长度=499, 字段=Timestamp=639053105493225708 PlayerId="Reimu")
[Info   :   Console] [客户端] 已发送游戏事件: CardStateChanged (指纹=0xd6d326a89f48ca17, 长度=557, 字段=Timestamp=639053105506619850 PlayerId="Reimu")
[Debug  :Network Plugin] [客户端] 已发送游戏事件: CardStateChanged (指纹=0xd6d326a89f48ca17, 长度=557, 字段=Timestamp=639053105506619850 PlayerId="Reimu")
[Info   :   Console] [服务器] 收到游戏事件: type=CardStateChanged, from=Player_0 (指纹=0xd6d326a89f48ca17, 长度=557, 字段=Timestamp=639053105506619850 PlayerId="Reimu")
[Info   :   Console] [客户端] 已发送游戏事件: ManaConsumeStarted (指纹=0xeb591c9a9e221776, 长度=498, 字段=Timestamp=639053105518122806 PlayerId="Reimu")
[Debug  :Network Plugin] [客户端] 已发送游戏事件: ManaConsumeStarted (指纹=0xeb591c9a9e221776, 长度=498, 字段=Timestamp=639053105518122806 PlayerId="Reimu")
[Info   :   Console] [客户端] 已发送游戏事件: ManaConsumeCompleted (指纹=0x721fd7f835990cb7, 长度=499, 字段=Timestamp=639053105518132935 PlayerId="Reimu")
[Debug  :Network Plugin] [客户端] 已发送游戏事件: ManaConsumeCompleted (指纹=0x721fd7f835990cb7, 长度=499, 字段=Timestamp=639053105518132935 PlayerId="Reimu")
[Info   :   Console] [服务器] 收到游戏事件: type=ManaConsumeStarted, from=Player_0 (指纹=0xeb591c9a9e221776, 长度=498, 字段=Timestamp=639053105518122806 PlayerId="Reimu")
[Info   :   Console] [服务器] 收到游戏事件: type=ManaConsumeCompleted, from=Player_0 (指纹=0x721fd7f835990cb7, 长度=499, 字段=Timestamp=639053105518132935 PlayerId="Reimu")
[Info   :   Console] [客户端] 已发送游戏事件: BattlePlayerStatusEffectsDeltaBroadcast (指纹=0x9991b080b1dfda5b, 长度=326, 字段=Timestamp=639053105535120777 PlayerId="www123" PlayerName="白玉楼剑客" Round=3)
[Debug  :Network Plugin] [客户端] 已发送游戏事件: BattlePlayerStatusEffectsDeltaBroadcast (指纹=0x9991b080b1dfda5b, 长度=326, 字段=Timestamp=639053105535120777 PlayerId="www123" PlayerName="白玉楼剑客" Round=3)
[Info   :   Console] [服务器] 收到游戏事件: type=BattlePlayerStatusEffectsDeltaBroadcast, from=Player_0 (指纹=0x9991b080b1dfda5b, 长度=326, 字段=Timestamp=639053105535120777 PlayerId="www123" PlayerName="白玉楼剑客" Round=3)
[Info   :   Console] [客户端] 已发送游戏事件: BattlePlayerHealBroadcast (指纹=0xb2c907e3e01c21ee, 长度=259, 字段=Timestamp=639053105535520128 PlayerId="www123" PlayerName="白玉楼剑客" Round=3)
[Debug  :Network Plugin] [客户端] 已发送游戏事件: BattlePlayerHealBroadcast (指纹=0xb2c907e3e01c21ee, 长度=259, 字段=Timestamp=639053105535520128 PlayerId="www123" PlayerName="白玉楼剑客" Round=3)
[Info   :Network Plugin] [BattlePlayerHeal] BattlePlayerHealBroadcast Actual=3 After HP 89/100 Block 0 Shield 0
[Info   :   Console] [服务器] 收到游戏事件: type=BattlePlayerHealBroadcast, from=Player_0 (指纹=0xb2c907e3e01c21ee, 长度=259, 字段=Timestamp=639053105535520128 PlayerId="www123" PlayerName="白玉楼剑客" Round=3)
[Info   :   Console] [客户端] 已发送游戏事件: CardStateChanged (指纹=0x5e0cdf07ed0f04c4, 长度=515, 字段=Timestamp=639053105539113755 PlayerId="Reimu")
[Debug  :Network Plugin] [客户端] 已发送游戏事件: CardStateChanged (指纹=0x5e0cdf07ed0f04c4, 长度=515, 字段=Timestamp=639053105539113755 PlayerId="Reimu")
[Info   :   Console] [服务器] 收到游戏事件: type=CardStateChanged, from=Player_0 (指纹=0x5e0cdf07ed0f04c4, 长度=515, 字段=Timestamp=639053105539113755 PlayerId="Reimu")
[Debug  :Network Plugin] [ReconnectionManager] Full snapshot created at 639052817618825852
[Info   :   Console] [客户端] 已发送游戏事件: EndTurnRequest (指纹=0x1807657d751c8e3e, 长度=97, 字段=Timestamp=639053105795351230 PlayerId="Player_0" Round=3)
[Debug  :Network Plugin] [客户端] 已发送游戏事件: EndTurnRequest (指纹=0x1807657d751c8e3e, 长度=97, 字段=Timestamp=639053105795351230 PlayerId="Player_0" Round=3)
[Info   :   Console] [客户端] 已发送游戏事件: EndTurnStatus (指纹=0x2d37f98468f597fb, 长度=110, 字段=Timestamp=639053105795364077 PlayerId="Player_0" Round=3)
[Debug  :Network Plugin] [客户端] 已发送游戏事件: EndTurnStatus (指纹=0x2d37f98468f597fb, 长度=110, 字段=Timestamp=639053105795364077 PlayerId="Player_0" Round=3)
[Info   :   Console] [客户端] 已发送游戏事件: EndTurnConfirm (指纹=0xf89b9eb5cde7ff79, 长度=91, 字段=Timestamp=639053105795374248 Round=3)
[Debug  :Network Plugin] [客户端] 已发送游戏事件: EndTurnConfirm (指纹=0xf89b9eb5cde7ff79, 长度=91, 字段=Timestamp=639053105795374248 Round=3)
[Info   :   Console] [客户端] 已发送游戏事件: RoomStateUpload (指纹=0xddcae80b368206c9, 长度=1080, 字段=Timestamp=639052817795374248 Act=1 X=4 Y=2 RoomKey=<已脱敏> RoomVersion=0)
[Debug  :Network Plugin] [客户端] 已发送游戏事件: RoomStateUpload (指纹=0xddcae80b368206c9, 长度=1080, 字段=Timestamp=639052817795374248 Act=1 X=4 Y=2 RoomKey=<已脱敏> RoomVersion=0)
[Info   :   Console] [客户端] 已发送游戏事件: RoomStateUpload (指纹=0x4dd566bf8554cdad, 长度=1080, 字段=Timestamp=639052817795384597 Act=1 X=4 Y=2 RoomKey=<已脱敏> RoomVersion=0)
[Debug  :Network Plugin] [客户端] 已发送游戏事件: RoomStateUpload (指纹=0x4dd566bf8554cdad, 长度=1080, 字段=Timestamp=639052817795384597 Act=1 X=4 Y=2 RoomKey=<已脱敏> RoomVersion=0)
[Info   :   Console] [服务器] 收到游戏事件: type=RoomStateUpload, from=Player_0 (指纹=0xddcae80b368206c9, 长度=1080, 字段=Timestamp=639052817795374248 Act=1 X=4 Y=2 RoomKey=<已脱敏> RoomVersion=0)
[Info   :   Console] [服务器] 收到游戏事件: type=RoomStateUpload, from=Player_0 (指纹=0x4dd566bf8554cdad, 长度=1080, 字段=Timestamp=639052817795384597 Act=1 X=4 Y=2 RoomKey=<已脱敏> RoomVersion=0)
[Info   :   Console] [服务器] 收到游戏事件: type=EndTurnRequest, from=Player_0 (指纹=0x1807657d751c8e3e, 长度=97, 字段=Timestamp=639053105795351230 PlayerId="Player_0" Round=3)
[Info   :   Console] [服务器] 收到游戏事件: type=EndTurnStatus, from=Player_0 (指纹=0x2d37f98468f597fb, 长度=110, 字段=Timestamp=639053105795364077 PlayerId="Player_0" Round=3)
[Info   :   Console] [服务器] 收到游戏事件: type=EndTurnConfirm, from=Player_0 (指纹=0xf89b9eb5cde7ff79, 长度=91, 字段=Timestamp=639053105795374248 Round=3)
[Info   :   Console] [客户端] 已发送游戏事件: BattlePlayerDamageBroadcast (指纹=0x4b8eb5db718b7973, 长度=425, 字段=Timestamp=639053105796361095 PlayerId="www123" PlayerName="白玉楼剑客" Round=3)
[Debug  :Network Plugin] [客户端] 已发送游戏事件: BattlePlayerDamageBroadcast (指纹=0x4b8eb5db718b7973, 长度=425, 字段=Timestamp=639053105796361095 PlayerId="www123" PlayerName="白玉楼剑客" Round=3)
[Info   :Network Plugin] [BattlePlayerDamage] BattlePlayerDamageBroadcast Total=5.0 (HP: 5.0, Block: 0.0, Shield: 0.0). Remaining HP: 84/100
[Info   :   Console] [服务器] 收到游戏事件: type=BattlePlayerDamageBroadcast, from=Player_0 (指纹=0x4b8eb5db718b7973, 长度=425, 字段=Timestamp=639053105796361095 PlayerId="www123" PlayerName="白玉楼剑客" Round=3)
[Info   :   Console] [客户端] 已发送游戏事件: ManaConsumeCompleted (指纹=0x2097cfa3d3ed64ba, 长度=625, 字段=Timestamp=639053105800859251 PlayerId="Reimu")
[Debug  :Network Plugin] [客户端] 已发送游戏事件: ManaConsumeCompleted (指纹=0x2097cfa3d3ed64ba, 长度=625, 字段=Timestamp=639053105800859251 PlayerId="Reimu")
[Info   :   Console] [服务器] 收到游戏事件: type=ManaConsumeCompleted, from=Player_0 (指纹=0x2097cfa3d3ed64ba, 长度=625, 字段=Timestamp=639053105800859251 PlayerId="Reimu")
[Info   :   Console] [客户端] 已发送游戏事件: CardStateChanged (指纹=0x989b6ecf6e27253c, 长度=541, 字段=Timestamp=639053105804057768 PlayerId="Reimu")
[Debug  :Network Plugin] [客户端] 已发送游戏事件: CardStateChanged (指纹=0x989b6ecf6e27253c, 长度=541, 字段=Timestamp=639053105804057768 PlayerId="Reimu")
[Info   :   Console] [服务器] 收到游戏事件: type=CardStateChanged, from=Player_0 (指纹=0x989b6ecf6e27253c, 长度=541, 字段=Timestamp=639053105804057768 PlayerId="Reimu")
[Info   :   Console] [客户端] 已发送游戏事件: CardStateChanged (指纹=0x3a243f0ebd628b43, 长度=326, 字段=Timestamp=639053105817648092 PlayerId="Reimu")
[Debug  :Network Plugin] [客户端] 已发送游戏事件: CardStateChanged (指纹=0x3a243f0ebd628b43, 长度=326, 字段=Timestamp=639053105817648092 PlayerId="Reimu")
[Info   :   Console] [服务器] 收到游戏事件: type=CardStateChanged, from=Player_0 (指纹=0x3a243f0ebd628b43, 长度=326, 字段=Timestamp=639053105817648092 PlayerId="Reimu")
[Info   :   Console] [客户端] 已发送游戏事件: CardStateChanged (指纹=0x1ae1ebef3865ccd4, 长度=328, 字段=Timestamp=639053105828355608 PlayerId="Reimu")
[Debug  :Network Plugin] [客户端] 已发送游戏事件: CardStateChanged (指纹=0x1ae1ebef3865ccd4, 长度=328, 字段=Timestamp=639053105828355608 PlayerId="Reimu")
[Info   :   Console] [服务器] 收到游戏事件: type=CardStateChanged, from=Player_0 (指纹=0x1ae1ebef3865ccd4, 长度=328, 字段=Timestamp=639053105828355608 PlayerId="Reimu")
[Info   :   Console] [客户端] 已发送请求: BattleEnemyIntentChanged (指纹=0xd0aa9e64f65dcd42, 长度=472, 字段=Timestamp=639053105836057463 Round=4)
[Debug  :Network Plugin] [客户端] 已发送请求: BattleEnemyIntentChanged (指纹=0xd0aa9e64f65dcd42, 长度=472, 字段=Timestamp=639053105836057463 Round=4)
[Debug  :Network Plugin] [EnemyIntentSync] Intentions updated. Enemy=桑尼 RootIndex=0 Round=4 EOT=True
[Info   :   Console] [客户端] 已发送请求: BattleEnemyIntentChanged (指纹=0x59867ab5413c4267, 长度=470, 字段=Timestamp=639053105836072494 Round=4)
[Debug  :Network Plugin] [客户端] 已发送请求: BattleEnemyIntentChanged (指纹=0x59867ab5413c4267, 长度=470, 字段=Timestamp=639053105836072494 Round=4)
[Debug  :Network Plugin] [EnemyIntentSync] Intentions updated. Enemy=露娜 RootIndex=1 Round=4 EOT=True
[Info   :   Console] [服务器] 收到游戏事件: type=BattleEnemyIntentChanged, from=Player_0 (指纹=0xd0aa9e64f65dcd42, 长度=472, 字段=Timestamp=639053105836057463 Round=4)
[Info   :   Console] [服务器] 收到游戏事件: type=BattleEnemyIntentChanged, from=Player_0 (指纹=0x59867ab5413c4267, 长度=470, 字段=Timestamp=639053105836072494 Round=4)
[Info   :   Console] [客户端] 已发送游戏事件: ManaRegain (指纹=0x1c945438a8128db7, 长度=615, 字段=Timestamp=639053105847247040 PlayerId="Reimu")
[Debug  :Network Plugin] [客户端] 已发送游戏事件: ManaRegain (指纹=0x1c945438a8128db7, 长度=615, 字段=Timestamp=639053105847247040 PlayerId="Reimu")
[Info   :   Console] [服务器] 收到游戏事件: type=ManaRegain, from=Player_0 (指纹=0x1c945438a8128db7, 长度=615, 字段=Timestamp=639053105847247040 PlayerId="Reimu")
[Info   :   Console] [客户端] 已发送游戏事件: ManaConsumeCompleted (指纹=0xdcf00a711bb571d5, 长度=625, 字段=Timestamp=639053105859541133 PlayerId="Reimu")
[Debug  :Network Plugin] [客户端] 已发送游戏事件: ManaConsumeCompleted (指纹=0xdcf00a711bb571d5, 长度=625, 字段=Timestamp=639053105859541133 PlayerId="Reimu")
[Info   :   Console] [服务器] 收到游戏事件: type=ManaConsumeCompleted, from=Player_0 (指纹=0xdcf00a711bb571d5, 长度=625, 字段=Timestamp=639053105859541133 PlayerId="Reimu")
[Info   :   Console] [客户端] 已发送游戏事件: ManaConsumeStarted (指纹=0x35a5c2eaca41a428, 长度=498, 字段=Timestamp=639053105915732132 PlayerId="Reimu")
[Debug  :Network Plugin] [客户端] 已发送游戏事件: ManaConsumeStarted (指纹=0x35a5c2eaca41a428, 长度=498, 字段=Timestamp=639053105915732132 PlayerId="Reimu")
[Info   :   Console] [客户端] 已发送游戏事件: ManaConsumeCompleted (指纹=0x1e01e4ab8bc3fda9, 长度=499, 字段=Timestamp=639053105915747156 PlayerId="Reimu")
[Debug  :Network Plugin] [客户端] 已发送游戏事件: ManaConsumeCompleted (指纹=0x1e01e4ab8bc3fda9, 长度=499, 字段=Timestamp=639053105915747156 PlayerId="Reimu")
[Info   :   Console] [服务器] 收到游戏事件: type=ManaConsumeStarted, from=Player_0 (指纹=0x35a5c2eaca41a428, 长度=498, 字段=Timestamp=639053105915732132 PlayerId="Reimu")
[Info   :   Console] [服务器] 收到游戏事件: type=ManaConsumeCompleted, from=Player_0 (指纹=0x1e01e4ab8bc3fda9, 长度=499, 字段=Timestamp=639053105915747156 PlayerId="Reimu")
[Debug  :Network Plugin] [ReconnectionManager] Full snapshot created at 639052817918825634
[Info   :   Console] [客户端] 已发送游戏事件: CardStateChanged (指纹=0xf88feb2b4e6f7002, 长度=557, 字段=Timestamp=639053105928438681 PlayerId="Reimu")
[Debug  :Network Plugin] [客户端] 已发送游戏事件: CardStateChanged (指纹=0xf88feb2b4e6f7002, 长度=557, 字段=Timestamp=639053105928438681 PlayerId="Reimu")
[Info   :   Console] [服务器] 收到游戏事件: type=CardStateChanged, from=Player_0 (指纹=0xf88feb2b4e6f7002, 长度=557, 字段=Timestamp=639053105928438681 PlayerId="Reimu")
[Info   :   Console] [客户端] 已发送游戏事件: ManaConsumeStarted (指纹=0xa7744cc87cb55c35, 长度=498, 字段=Timestamp=639053105934933139 PlayerId="Reimu")
[Debug  :Network Plugin] [客户端] 已发送游戏事件: ManaConsumeStarted (指纹=0xa7744cc87cb55c35, 长度=498, 字段=Timestamp=639053105934933139 PlayerId="Reimu")
[Info   :   Console] [客户端] 已发送游戏事件: ManaConsumeCompleted (指纹=0x0ccf5bac35c17188, 长度=499, 字段=Timestamp=639053105934933139 PlayerId="Reimu")
[Debug  :Network Plugin] [客户端] 已发送游戏事件: ManaConsumeCompleted (指纹=0x0ccf5bac35c17188, 长度=499, 字段=Timestamp=639053105934933139 PlayerId="Reimu")
[Info   :   Console] [服务器] 收到游戏事件: type=ManaConsumeStarted, from=Player_0 (指纹=0xa7744cc87cb55c35, 长度=498, 字段=Timestamp=639053105934933139 PlayerId="Reimu")
[Info   :   Console] [服务器] 收到游戏事件: type=ManaConsumeCompleted, from=Player_0 (指纹=0x0ccf5bac35c17188, 长度=499, 字段=Timestamp=639053105934933139 PlayerId="Reimu")
[Info   :   Console] [客户端] 已发送游戏事件: OnPlayerStateUpdate (指纹=0xc56d11e11ad11ce6, 长度=332, 字段=Timestamp=639053105936525703 PlayerId="Player_0" Round=4)
[Debug  :Network Plugin] [客户端] 已发送游戏事件: OnPlayerStateUpdate (指纹=0xc56d11e11ad11ce6, 长度=332, 字段=Timestamp=639053105936525703 PlayerId="Player_0" Round=4)
[Info   :   Console] [服务器] 收到游戏事件: type=OnPlayerStateUpdate, from=Player_0 (指纹=0xc56d11e11ad11ce6, 长度=332, 字段=Timestamp=639053105936525703 PlayerId="Player_0" Round=4)
[Info   :   Console] [客户端] 已发送游戏事件: CardStateChanged (指纹=0x605eccbf288137f6, 长度=545, 字段=Timestamp=639053105939831141 PlayerId="Reimu")
[Debug  :Network Plugin] [客户端] 已发送游戏事件: CardStateChanged (指纹=0x605eccbf288137f6, 长度=545, 字段=Timestamp=639053105939831141 PlayerId="Reimu")
[Info   :   Console] [服务器] 收到游戏事件: type=CardStateChanged, from=Player_0 (指纹=0x605eccbf288137f6, 长度=545, 字段=Timestamp=639053105939831141 PlayerId="Reimu")
[Info   :   Console] [客户端] 已发送游戏事件: EndTurnRequest (指纹=0x6c5f042a4b2414c1, 长度=97, 字段=Timestamp=639053105947827369 PlayerId="Player_0" Round=4)
[Debug  :Network Plugin] [客户端] 已发送游戏事件: EndTurnRequest (指纹=0x6c5f042a4b2414c1, 长度=97, 字段=Timestamp=639053105947827369 PlayerId="Player_0" Round=4)
[Info   :   Console] [客户端] 已发送游戏事件: EndTurnStatus (指纹=0x2efe0262e112c0e9, 长度=110, 字段=Timestamp=639053105947837340 PlayerId="Player_0" Round=4)
[Debug  :Network Plugin] [客户端] 已发送游戏事件: EndTurnStatus (指纹=0x2efe0262e112c0e9, 长度=110, 字段=Timestamp=639053105947837340 PlayerId="Player_0" Round=4)
[Info   :   Console] [客户端] 已发送游戏事件: EndTurnConfirm (指纹=0x301a6ae8542058ac, 长度=91, 字段=Timestamp=639053105947837340 Round=4)
[Debug  :Network Plugin] [客户端] 已发送游戏事件: EndTurnConfirm (指纹=0x301a6ae8542058ac, 长度=91, 字段=Timestamp=639053105947837340 Round=4)
[Info   :   Console] [客户端] 已发送游戏事件: RoomStateUpload (指纹=0x2666b85b5e859598, 长度=1080, 字段=Timestamp=639052817947847554 Act=1 X=4 Y=2 RoomKey=<已脱敏> RoomVersion=0)
[Debug  :Network Plugin] [客户端] 已发送游戏事件: RoomStateUpload (指纹=0x2666b85b5e859598, 长度=1080, 字段=Timestamp=639052817947847554 Act=1 X=4 Y=2 RoomKey=<已脱敏> RoomVersion=0)
[Info   :   Console] [客户端] 已发送游戏事件: RoomStateUpload (指纹=0x2666b85b5e859598, 长度=1080, 字段=Timestamp=639052817947847554 Act=1 X=4 Y=2 RoomKey=<已脱敏> RoomVersion=0)
[Debug  :Network Plugin] [客户端] 已发送游戏事件: RoomStateUpload (指纹=0x2666b85b5e859598, 长度=1080, 字段=Timestamp=639052817947847554 Act=1 X=4 Y=2 RoomKey=<已脱敏> RoomVersion=0)
[Info   :   Console] [服务器] 收到游戏事件: type=RoomStateUpload, from=Player_0 (指纹=0x2666b85b5e859598, 长度=1080, 字段=Timestamp=639052817947847554 Act=1 X=4 Y=2 RoomKey=<已脱敏> RoomVersion=0)
[Info   :   Console] [服务器] 收到游戏事件: type=RoomStateUpload, from=Player_0 (指纹=0x2666b85b5e859598, 长度=1080, 字段=Timestamp=639052817947847554 Act=1 X=4 Y=2 RoomKey=<已脱敏> RoomVersion=0)
[Info   :   Console] [服务器] 收到游戏事件: type=EndTurnRequest, from=Player_0 (指纹=0x6c5f042a4b2414c1, 长度=97, 字段=Timestamp=639053105947827369 PlayerId="Player_0" Round=4)
[Info   :   Console] [服务器] 收到游戏事件: type=EndTurnStatus, from=Player_0 (指纹=0x2efe0262e112c0e9, 长度=110, 字段=Timestamp=639053105947837340 PlayerId="Player_0" Round=4)
[Info   :   Console] [服务器] 收到游戏事件: type=EndTurnConfirm, from=Player_0 (指纹=0x301a6ae8542058ac, 长度=91, 字段=Timestamp=639053105947837340 Round=4)
[Info   :   Console] [客户端] 已发送游戏事件: CardStateChanged (指纹=0x6c2e7ee942e1f7a1, 长度=537, 字段=Timestamp=639053105949826431 PlayerId="Reimu")
[Debug  :Network Plugin] [客户端] 已发送游戏事件: CardStateChanged (指纹=0x6c2e7ee942e1f7a1, 长度=537, 字段=Timestamp=639053105949826431 PlayerId="Reimu")
[Info   :   Console] [服务器] 收到游戏事件: type=CardStateChanged, from=Player_0 (指纹=0x6c2e7ee942e1f7a1, 长度=537, 字段=Timestamp=639053105949826431 PlayerId="Reimu")
[Info   :   Console] [客户端] 已发送游戏事件: BattlePlayerDamageBroadcast (指纹=0x462d3432361f94c2, 长度=423, 字段=Timestamp=639053105964413749 PlayerId="www123" PlayerName="白玉楼剑客" Round=4)
[Debug  :Network Plugin] [客户端] 已发送游戏事件: BattlePlayerDamageBroadcast (指纹=0x462d3432361f94c2, 长度=423, 字段=Timestamp=639053105964413749 PlayerId="www123" PlayerName="白玉楼剑客" Round=4)
[Info   :Network Plugin] [BattlePlayerDamage] BattlePlayerDamageBroadcast Total=7.0 (HP: 0.0, Block: 7.0, Shield: 0.0). Remaining HP: 84/100
[Info   :   Console] [服务器] 收到游戏事件: type=BattlePlayerDamageBroadcast, from=Player_0 (指纹=0x462d3432361f94c2, 长度=423, 字段=Timestamp=639053105964413749 PlayerId="www123" PlayerName="白玉楼剑客" Round=4)
[Info   :   Console] [客户端] 已发送游戏事件: BattlePlayerDamageBroadcast (指纹=0x9982aaef2bee3dae, 长度=422, 字段=Timestamp=639053105971124856 PlayerId="www123" PlayerName="白玉楼剑客" Round=4)
[Debug  :Network Plugin] [客户端] 已发送游戏事件: BattlePlayerDamageBroadcast (指纹=0x9982aaef2bee3dae, 长度=422, 字段=Timestamp=639053105971124856 PlayerId="www123" PlayerName="白玉楼剑客" Round=4)
[Info   :Network Plugin] [BattlePlayerDamage] BattlePlayerDamageBroadcast Total=10.0 (HP: 7.0, Block: 3.0, Shield: 0.0). Remaining HP: 77/100
[Info   :   Console] [服务器] 收到游戏事件: type=BattlePlayerDamageBroadcast, from=Player_0 (指纹=0x9982aaef2bee3dae, 长度=422, 字段=Timestamp=639053105971124856 PlayerId="www123" PlayerName="白玉楼剑客" Round=4)
[Info   :   Console] [客户端] 已发送请求: BattleEnemyIntentChanged (指纹=0xe02e3e3501a43924, 长度=383, 字段=Timestamp=639053105982720106 Round=5)
[Debug  :Network Plugin] [客户端] 已发送请求: BattleEnemyIntentChanged (指纹=0xe02e3e3501a43924, 长度=383, 字段=Timestamp=639053105982720106 Round=5)
[Debug  :Network Plugin] [EnemyIntentSync] Intentions updated. Enemy=桑尼 RootIndex=0 Round=5 EOT=True
[Info   :   Console] [客户端] 已发送请求: BattleEnemyIntentChanged (指纹=0x4be2e26d7e35bbe4, 长度=381, 字段=Timestamp=639053105982735137 Round=5)
[Debug  :Network Plugin] [客户端] 已发送请求: BattleEnemyIntentChanged (指纹=0x4be2e26d7e35bbe4, 长度=381, 字段=Timestamp=639053105982735137 Round=5)
[Debug  :Network Plugin] [EnemyIntentSync] Intentions updated. Enemy=露娜 RootIndex=1 Round=5 EOT=True
[Info   :   Console] [服务器] 收到游戏事件: type=BattleEnemyIntentChanged, from=Player_0 (指纹=0xe02e3e3501a43924, 长度=383, 字段=Timestamp=639053105982720106 Round=5)
[Info   :   Console] [服务器] 收到游戏事件: type=BattleEnemyIntentChanged, from=Player_0 (指纹=0x4be2e26d7e35bbe4, 长度=381, 字段=Timestamp=639053105982735137 Round=5)
[Info   :   Console] [客户端] 已发送游戏事件: ManaRegain (指纹=0x5ca73cc12cbce1f7, 长度=615, 字段=Timestamp=639053105993922671 PlayerId="Reimu")
[Debug  :Network Plugin] [客户端] 已发送游戏事件: ManaRegain (指纹=0x5ca73cc12cbce1f7, 长度=615, 字段=Timestamp=639053105993922671 PlayerId="Reimu")
[Info   :   Console] [服务器] 收到游戏事件: type=ManaRegain, from=Player_0 (指纹=0x5ca73cc12cbce1f7, 长度=615, 字段=Timestamp=639053105993922671 PlayerId="Reimu")
[Info   :   Console] [客户端] 已发送游戏事件: ManaConsumeStarted (指纹=0xf1d8e4250c97a9bb, 长度=498, 字段=Timestamp=639053106020513699 PlayerId="Reimu")
[Debug  :Network Plugin] [客户端] 已发送游戏事件: ManaConsumeStarted (指纹=0xf1d8e4250c97a9bb, 长度=498, 字段=Timestamp=639053106020513699 PlayerId="Reimu")
[Info   :   Console] [客户端] 已发送游戏事件: ManaConsumeCompleted (指纹=0x45147e5d7cf9da04, 长度=499, 字段=Timestamp=639053106020518715 PlayerId="Reimu")
[Debug  :Network Plugin] [客户端] 已发送游戏事件: ManaConsumeCompleted (指纹=0x45147e5d7cf9da04, 长度=499, 字段=Timestamp=639053106020518715 PlayerId="Reimu")
[Info   :   Console] [服务器] 收到游戏事件: type=ManaConsumeStarted, from=Player_0 (指纹=0xf1d8e4250c97a9bb, 长度=498, 字段=Timestamp=639053106020513699 PlayerId="Reimu")
[Info   :   Console] [服务器] 收到游戏事件: type=ManaConsumeCompleted, from=Player_0 (指纹=0x45147e5d7cf9da04, 长度=499, 字段=Timestamp=639053106020518715 PlayerId="Reimu")
[Info   :   Console] [客户端] 已发送游戏事件: BattlePlayerStatusEffectsDeltaBroadcast (指纹=0xa9c21e66c6adee1b, 长度=349, 字段=Timestamp=639053106024719499 PlayerId="www123" PlayerName="白玉楼剑客" Round=5)
[Debug  :Network Plugin] [客户端] 已发送游戏事件: BattlePlayerStatusEffectsDeltaBroadcast (指纹=0xa9c21e66c6adee1b, 长度=349, 字段=Timestamp=639053106024719499 PlayerId="www123" PlayerName="白玉楼剑客" Round=5)
[Info   :   Console] [服务器] 收到游戏事件: type=BattlePlayerStatusEffectsDeltaBroadcast, from=Player_0 (指纹=0xa9c21e66c6adee1b, 长度=349, 字段=Timestamp=639053106024719499 PlayerId="www123" PlayerName="白玉楼剑客" Round=5)
[Info   :   Console] [客户端] 已发送游戏事件: CardStateChanged (指纹=0x4d24fc7903eb04e5, 长度=545, 字段=Timestamp=639053106026206711 PlayerId="Reimu")
[Debug  :Network Plugin] [客户端] 已发送游戏事件: CardStateChanged (指纹=0x4d24fc7903eb04e5, 长度=545, 字段=Timestamp=639053106026206711 PlayerId="Reimu")
[Info   :   Console] [服务器] 收到游戏事件: type=CardStateChanged, from=Player_0 (指纹=0x4d24fc7903eb04e5, 长度=545, 字段=Timestamp=639053106026206711 PlayerId="Reimu")
[Info   :   Console] [客户端] 已发送游戏事件: ManaConsumeStarted (指纹=0xeaaa2d4d2e22bde4, 长度=498, 字段=Timestamp=639053106085091357 PlayerId="Reimu")
[Debug  :Network Plugin] [客户端] 已发送游戏事件: ManaConsumeStarted (指纹=0xeaaa2d4d2e22bde4, 长度=498, 字段=Timestamp=639053106085091357 PlayerId="Reimu")
[Info   :   Console] [客户端] 已发送游戏事件: ManaConsumeCompleted (指纹=0x8311b5d075fbfa6c, 长度=499, 字段=Timestamp=639053106085101615 PlayerId="Reimu")
[Debug  :Network Plugin] [客户端] 已发送游戏事件: ManaConsumeCompleted (指纹=0x8311b5d075fbfa6c, 长度=499, 字段=Timestamp=639053106085101615 PlayerId="Reimu")
[Info   :   Console] [服务器] 收到游戏事件: type=ManaConsumeStarted, from=Player_0 (指纹=0xeaaa2d4d2e22bde4, 长度=498, 字段=Timestamp=639053106085091357 PlayerId="Reimu")
[Info   :   Console] [服务器] 收到游戏事件: type=ManaConsumeCompleted, from=Player_0 (指纹=0x8311b5d075fbfa6c, 长度=499, 字段=Timestamp=639053106085101615 PlayerId="Reimu")
[Info   :   Console] [客户端] 已发送游戏事件: CardStateChanged (指纹=0xd7dd29e989ce9dbb, 长度=549, 字段=Timestamp=639053106092191391 PlayerId="Reimu")
[Debug  :Network Plugin] [客户端] 已发送游戏事件: CardStateChanged (指纹=0xd7dd29e989ce9dbb, 长度=549, 字段=Timestamp=639053106092191391 PlayerId="Reimu")
[Info   :   Console] [服务器] 收到游戏事件: type=CardStateChanged, from=Player_0 (指纹=0xd7dd29e989ce9dbb, 长度=549, 字段=Timestamp=639053106092191391 PlayerId="Reimu")
[Info   :   Console] [客户端] 已发送游戏事件: ManaConsumeStarted (指纹=0x7ba7e542125a6c0c, 长度=498, 字段=Timestamp=639053106106191604 PlayerId="Reimu")
[Debug  :Network Plugin] [客户端] 已发送游戏事件: ManaConsumeStarted (指纹=0x7ba7e542125a6c0c, 长度=498, 字段=Timestamp=639053106106191604 PlayerId="Reimu")
[Info   :   Console] [客户端] 已发送游戏事件: ManaConsumeCompleted (指纹=0xe07162301608a5fa, 长度=499, 字段=Timestamp=639053106106202341 PlayerId="Reimu")
[Debug  :Network Plugin] [客户端] 已发送游戏事件: ManaConsumeCompleted (指纹=0xe07162301608a5fa, 长度=499, 字段=Timestamp=639053106106202341 PlayerId="Reimu")
[Info   :   Console] [服务器] 收到游戏事件: type=ManaConsumeStarted, from=Player_0 (指纹=0x7ba7e542125a6c0c, 长度=498, 字段=Timestamp=639053106106191604 PlayerId="Reimu")
[Info   :   Console] [服务器] 收到游戏事件: type=ManaConsumeCompleted, from=Player_0 (指纹=0xe07162301608a5fa, 长度=499, 字段=Timestamp=639053106106202341 PlayerId="Reimu")
[Info   :   Console] [客户端] 已发送游戏事件: OnPlayerStateUpdate (指纹=0x16506cedb36a99e1, 长度=329, 字段=Timestamp=639053106107702109 PlayerId="Player_0" Round=5)
[Debug  :Network Plugin] [客户端] 已发送游戏事件: OnPlayerStateUpdate (指纹=0x16506cedb36a99e1, 长度=329, 字段=Timestamp=639053106107702109 PlayerId="Player_0" Round=5)
[Info   :   Console] [服务器] 收到游戏事件: type=OnPlayerStateUpdate, from=Player_0 (指纹=0x16506cedb36a99e1, 长度=329, 字段=Timestamp=639053106107702109 PlayerId="Player_0" Round=5)
[Info   :   Console] [客户端] 已发送游戏事件: CardStateChanged (指纹=0x2876d89ab30c0b8a, 长度=527, 字段=Timestamp=639053106110986043 PlayerId="Reimu")
[Debug  :Network Plugin] [客户端] 已发送游戏事件: CardStateChanged (指纹=0x2876d89ab30c0b8a, 长度=527, 字段=Timestamp=639053106110986043 PlayerId="Reimu")
[Info   :   Console] [服务器] 收到游戏事件: type=CardStateChanged, from=Player_0 (指纹=0x2876d89ab30c0b8a, 长度=527, 字段=Timestamp=639053106110986043 PlayerId="Reimu")
[Info   :   Console] [客户端] 已发送游戏事件: ManaConsumeStarted (指纹=0x5d1cfa49b79379b7, 长度=498, 字段=Timestamp=639053106114093560 PlayerId="Reimu")
[Debug  :Network Plugin] [客户端] 已发送游戏事件: ManaConsumeStarted (指纹=0x5d1cfa49b79379b7, 长度=498, 字段=Timestamp=639053106114093560 PlayerId="Reimu")
[Info   :   Console] [客户端] 已发送游戏事件: ManaConsumeCompleted (指纹=0x33b3401bcc0e3090, 长度=499, 字段=Timestamp=639053106114103944 PlayerId="Reimu")
[Debug  :Network Plugin] [客户端] 已发送游戏事件: ManaConsumeCompleted (指纹=0x33b3401bcc0e3090, 长度=499, 字段=Timestamp=639053106114103944 PlayerId="Reimu")
[Info   :   Console] [服务器] 收到游戏事件: type=ManaConsumeStarted, from=Player_0 (指纹=0x5d1cfa49b79379b7, 长度=498, 字段=Timestamp=639053106114093560 PlayerId="Reimu")
[Info   :   Console] [服务器] 收到游戏事件: type=ManaConsumeCompleted, from=Player_0 (指纹=0x33b3401bcc0e3090, 长度=499, 字段=Timestamp=639053106114103944 PlayerId="Reimu")
[Info   :   Console] [客户端] 已发送游戏事件: CardStateChanged (指纹=0x37c99ee9819e1775, 长度=515, 字段=Timestamp=639053106120890371 PlayerId="Reimu")
[Debug  :Network Plugin] [客户端] 已发送游戏事件: CardStateChanged (指纹=0x37c99ee9819e1775, 长度=515, 字段=Timestamp=639053106120890371 PlayerId="Reimu")
[Info   :   Console] [服务器] 收到游戏事件: type=CardStateChanged, from=Player_0 (指纹=0x37c99ee9819e1775, 长度=515, 字段=Timestamp=639053106120890371 PlayerId="Reimu")
[Info   :   Console] [客户端] 已发送游戏事件: EndTurnRequest (指纹=0x44f004a72232bc02, 长度=97, 字段=Timestamp=639053106128479993 PlayerId="Player_0" Round=5)
[Debug  :Network Plugin] [客户端] 已发送游戏事件: EndTurnRequest (指纹=0x44f004a72232bc02, 长度=97, 字段=Timestamp=639053106128479993 PlayerId="Player_0" Round=5)
[Info   :   Console] [客户端] 已发送游戏事件: EndTurnStatus (指纹=0xb466f05d07d574f5, 长度=110, 字段=Timestamp=639053106128492052 PlayerId="Player_0" Round=5)
[Debug  :Network Plugin] [客户端] 已发送游戏事件: EndTurnStatus (指纹=0xb466f05d07d574f5, 长度=110, 字段=Timestamp=639053106128492052 PlayerId="Player_0" Round=5)
[Info   :   Console] [客户端] 已发送游戏事件: EndTurnConfirm (指纹=0xe44417d3070d7f32, 长度=91, 字段=Timestamp=639053106128502698 Round=5)
[Debug  :Network Plugin] [客户端] 已发送游戏事件: EndTurnConfirm (指纹=0xe44417d3070d7f32, 长度=91, 字段=Timestamp=639053106128502698 Round=5)
[Info   :   Console] [客户端] 已发送游戏事件: RoomStateUpload (指纹=0xd65ac5c5b5e94724, 长度=1080, 字段=Timestamp=639052818128502698 Act=1 X=4 Y=2 RoomKey=<已脱敏> RoomVersion=0)
[Debug  :Network Plugin] [客户端] 已发送游戏事件: RoomStateUpload (指纹=0xd65ac5c5b5e94724, 长度=1080, 字段=Timestamp=639052818128502698 Act=1 X=4 Y=2 RoomKey=<已脱敏> RoomVersion=0)
[Info   :   Console] [客户端] 已发送游戏事件: RoomStateUpload (指纹=0xcef4a70cd35e22be, 长度=1080, 字段=Timestamp=639052818128512873 Act=1 X=4 Y=2 RoomKey=<已脱敏> RoomVersion=0)
[Debug  :Network Plugin] [客户端] 已发送游戏事件: RoomStateUpload (指纹=0xcef4a70cd35e22be, 长度=1080, 字段=Timestamp=639052818128512873 Act=1 X=4 Y=2 RoomKey=<已脱敏> RoomVersion=0)
[Info   :   Console] [服务器] 收到游戏事件: type=EndTurnRequest, from=Player_0 (指纹=0x44f004a72232bc02, 长度=97, 字段=Timestamp=639053106128479993 PlayerId="Player_0" Round=5)
[Info   :   Console] [服务器] 收到游戏事件: type=RoomStateUpload, from=Player_0 (指纹=0xd65ac5c5b5e94724, 长度=1080, 字段=Timestamp=639052818128502698 Act=1 X=4 Y=2 RoomKey=<已脱敏> RoomVersion=0)
[Info   :   Console] [服务器] 收到游戏事件: type=RoomStateUpload, from=Player_0 (指纹=0xcef4a70cd35e22be, 长度=1080, 字段=Timestamp=639052818128512873 Act=1 X=4 Y=2 RoomKey=<已脱敏> RoomVersion=0)
[Info   :   Console] [服务器] 收到游戏事件: type=EndTurnStatus, from=Player_0 (指纹=0xb466f05d07d574f5, 长度=110, 字段=Timestamp=639053106128492052 PlayerId="Player_0" Round=5)
[Info   :   Console] [服务器] 收到游戏事件: type=EndTurnConfirm, from=Player_0 (指纹=0xe44417d3070d7f32, 长度=91, 字段=Timestamp=639053106128502698 Round=5)
[Info   :   Console] [客户端] 已发送游戏事件: BattlePlayerDamageBroadcast (指纹=0x47b4195082cbb2b3, 长度=425, 字段=Timestamp=639053106129500527 PlayerId="www123" PlayerName="白玉楼剑客" Round=5)
[Debug  :Network Plugin] [客户端] 已发送游戏事件: BattlePlayerDamageBroadcast (指纹=0x47b4195082cbb2b3, 长度=425, 字段=Timestamp=639053106129500527 PlayerId="www123" PlayerName="白玉楼剑客" Round=5)
[Info   :Network Plugin] [BattlePlayerDamage] BattlePlayerDamageBroadcast Total=5.0 (HP: 0.0, Block: 5.0, Shield: 0.0). Remaining HP: 77/100
[Info   :   Console] [服务器] 收到游戏事件: type=BattlePlayerDamageBroadcast, from=Player_0 (指纹=0x47b4195082cbb2b3, 长度=425, 字段=Timestamp=639053106129500527 PlayerId="www123" PlayerName="白玉楼剑客" Round=5)
[Info   :   Console] [客户端] 已发送游戏事件: CardStateChanged (指纹=0xdc8aa49fcb5cfac3, 长度=519, 字段=Timestamp=639053106133687645 PlayerId="Reimu")
[Debug  :Network Plugin] [客户端] 已发送游戏事件: CardStateChanged (指纹=0xdc8aa49fcb5cfac3, 长度=519, 字段=Timestamp=639053106133687645 PlayerId="Reimu")
[Info   :   Console] [服务器] 收到游戏事件: type=CardStateChanged, from=Player_0 (指纹=0xdc8aa49fcb5cfac3, 长度=519, 字段=Timestamp=639053106133687645 PlayerId="Reimu")
[Info   :   Console] [客户端] 已发送游戏事件: CardStateChanged (指纹=0x0999d1aa08f68cee, 长度=537, 字段=Timestamp=639053106135286018 PlayerId="Reimu")
[Debug  :Network Plugin] [客户端] 已发送游戏事件: CardStateChanged (指纹=0x0999d1aa08f68cee, 长度=537, 字段=Timestamp=639053106135286018 PlayerId="Reimu")
[Info   :   Console] [服务器] 收到游戏事件: type=CardStateChanged, from=Player_0 (指纹=0x0999d1aa08f68cee, 长度=537, 字段=Timestamp=639053106135286018 PlayerId="Reimu")
[Info   :   Console] [客户端] 已发送游戏事件: CardStateChanged (指纹=0x91325304b2fc6cba, 长度=541, 字段=Timestamp=639053106136926931 PlayerId="Reimu")
[Debug  :Network Plugin] [客户端] 已发送游戏事件: CardStateChanged (指纹=0x91325304b2fc6cba, 长度=541, 字段=Timestamp=639053106136926931 PlayerId="Reimu")
[Info   :   Console] [服务器] 收到游戏事件: type=CardStateChanged, from=Player_0 (指纹=0x91325304b2fc6cba, 长度=541, 字段=Timestamp=639053106136926931 PlayerId="Reimu")
[Info   :   Console] [客户端] 已发送游戏事件: BattlePlayerStatusEffectsDeltaBroadcast (指纹=0x9a9cae66c25f6001, 长度=349, 字段=Timestamp=639053106137883969 PlayerId="www123" PlayerName="白玉楼剑客" Round=5)
[Debug  :Network Plugin] [客户端] 已发送游戏事件: BattlePlayerStatusEffectsDeltaBroadcast (指纹=0x9a9cae66c25f6001, 长度=349, 字段=Timestamp=639053106137883969 PlayerId="www123" PlayerName="白玉楼剑客" Round=5)
[Info   :   Console] [服务器] 收到游戏事件: type=BattlePlayerStatusEffectsDeltaBroadcast, from=Player_0 (指纹=0x9a9cae66c25f6001, 长度=349, 字段=Timestamp=639053106137883969 PlayerId="www123" PlayerName="白玉楼剑客" Round=5)
[Info   :   Console] [客户端] 已发送游戏事件: CardStateChanged (指纹=0x5d6aaef90e95ab3c, 长度=326, 字段=Timestamp=639053106150485500 PlayerId="Reimu")
[Debug  :Network Plugin] [客户端] 已发送游戏事件: CardStateChanged (指纹=0x5d6aaef90e95ab3c, 长度=326, 字段=Timestamp=639053106150485500 PlayerId="Reimu")
[Info   :   Console] [服务器] 收到游戏事件: type=CardStateChanged, from=Player_0 (指纹=0x5d6aaef90e95ab3c, 长度=326, 字段=Timestamp=639053106150485500 PlayerId="Reimu")
[Info   :   Console] [客户端] 已发送游戏事件: CardStateChanged (指纹=0x4ecc25218928a382, 长度=328, 字段=Timestamp=639053106161172555 PlayerId="Reimu")
[Debug  :Network Plugin] [客户端] 已发送游戏事件: CardStateChanged (指纹=0x4ecc25218928a382, 长度=328, 字段=Timestamp=639053106161172555 PlayerId="Reimu")
[Info   :   Console] [服务器] 收到游戏事件: type=CardStateChanged, from=Player_0 (指纹=0x4ecc25218928a382, 长度=328, 字段=Timestamp=639053106161172555 PlayerId="Reimu")
[Info   :   Console] [客户端] 已发送请求: BattleEnemyIntentChanged (指纹=0x105717eae12185e3, 长度=472, 字段=Timestamp=639053106168886221 Round=6)
[Debug  :Network Plugin] [客户端] 已发送请求: BattleEnemyIntentChanged (指纹=0x105717eae12185e3, 长度=472, 字段=Timestamp=639053106168886221 Round=6)
[Debug  :Network Plugin] [EnemyIntentSync] Intentions updated. Enemy=桑尼 RootIndex=0 Round=6 EOT=True
[Info   :   Console] [客户端] 已发送请求: BattleEnemyIntentChanged (指纹=0x5e9a0ca73fa851ee, 长度=470, 字段=Timestamp=639053106168901017 Round=6)
[Debug  :Network Plugin] [客户端] 已发送请求: BattleEnemyIntentChanged (指纹=0x5e9a0ca73fa851ee, 长度=470, 字段=Timestamp=639053106168901017 Round=6)
[Debug  :Network Plugin] [EnemyIntentSync] Intentions updated. Enemy=露娜 RootIndex=1 Round=6 EOT=True
[Info   :   Console] [服务器] 收到游戏事件: type=BattleEnemyIntentChanged, from=Player_0 (指纹=0x105717eae12185e3, 长度=472, 字段=Timestamp=639053106168886221 Round=6)
[Info   :   Console] [服务器] 收到游戏事件: type=BattleEnemyIntentChanged, from=Player_0 (指纹=0x5e9a0ca73fa851ee, 长度=470, 字段=Timestamp=639053106168901017 Round=6)
[Info   :   Console] [客户端] 已发送游戏事件: ManaRegain (指纹=0x549e222576bd904b, 长度=615, 字段=Timestamp=639053106180074182 PlayerId="Reimu")
[Debug  :Network Plugin] [客户端] 已发送游戏事件: ManaRegain (指纹=0x549e222576bd904b, 长度=615, 字段=Timestamp=639053106180074182 PlayerId="Reimu")
[Info   :   Console] [服务器] 收到游戏事件: type=ManaRegain, from=Player_0 (指纹=0x549e222576bd904b, 长度=615, 字段=Timestamp=639053106180074182 PlayerId="Reimu")
[Info   :   Console] [客户端] 已发送游戏事件: ManaConsumeCompleted (指纹=0x5987c0b1edbef4a6, 长度=625, 字段=Timestamp=639053106191567002 PlayerId="Reimu")
[Debug  :Network Plugin] [客户端] 已发送游戏事件: ManaConsumeCompleted (指纹=0x5987c0b1edbef4a6, 长度=625, 字段=Timestamp=639053106191567002 PlayerId="Reimu")
[Info   :   Console] [服务器] 收到游戏事件: type=ManaConsumeCompleted, from=Player_0 (指纹=0x5987c0b1edbef4a6, 长度=625, 字段=Timestamp=639053106191567002 PlayerId="Reimu")
[Info   :   Console] [客户端] 已发送游戏事件: ManaConsumeStarted (指纹=0x36d3380217a5d80a, 长度=498, 字段=Timestamp=639053106218765432 PlayerId="Reimu")
[Debug  :Network Plugin] [客户端] 已发送游戏事件: ManaConsumeStarted (指纹=0x36d3380217a5d80a, 长度=498, 字段=Timestamp=639053106218765432 PlayerId="Reimu")
[Info   :   Console] [客户端] 已发送游戏事件: ManaConsumeCompleted (指纹=0x771347dfadba30a4, 长度=499, 字段=Timestamp=639053106218775654 PlayerId="Reimu")
[Debug  :Network Plugin] [客户端] 已发送游戏事件: ManaConsumeCompleted (指纹=0x771347dfadba30a4, 长度=499, 字段=Timestamp=639053106218775654 PlayerId="Reimu")
[Debug  :Network Plugin] [ReconnectionManager] Full snapshot created at 639052818218825006
[Info   :   Console] [服务器] 收到游戏事件: type=ManaConsumeStarted, from=Player_0 (指纹=0x36d3380217a5d80a, 长度=498, 字段=Timestamp=639053106218765432 PlayerId="Reimu")
[Info   :   Console] [服务器] 收到游戏事件: type=ManaConsumeCompleted, from=Player_0 (指纹=0x771347dfadba30a4, 长度=499, 字段=Timestamp=639053106218775654 PlayerId="Reimu")
[Info   :   Console] [客户端] 已发送游戏事件: BattlePlayerHealBroadcast (指纹=0x56a5a81781ae621c, 长度=259, 字段=Timestamp=639053106240364344 PlayerId="www123" PlayerName="白玉楼剑客" Round=6)
[Debug  :Network Plugin] [客户端] 已发送游戏事件: BattlePlayerHealBroadcast (指纹=0x56a5a81781ae621c, 长度=259, 字段=Timestamp=639053106240364344 PlayerId="www123" PlayerName="白玉楼剑客" Round=6)
[Info   :Network Plugin] [BattlePlayerHeal] BattlePlayerHealBroadcast Actual=3 After HP 80/100 Block 0 Shield 0
[Info   :   Console] [服务器] 收到游戏事件: type=BattlePlayerHealBroadcast, from=Player_0 (指纹=0x56a5a81781ae621c, 长度=259, 字段=Timestamp=639053106240364344 PlayerId="www123" PlayerName="白玉楼剑客" Round=6)
[Info   :   Console] [客户端] 已发送游戏事件: CardStateChanged (指纹=0xc1e2ad21aba655be, 长度=557, 字段=Timestamp=639053106242661896 PlayerId="Reimu")
[Debug  :Network Plugin] [客户端] 已发送游戏事件: CardStateChanged (指纹=0xc1e2ad21aba655be, 长度=557, 字段=Timestamp=639053106242661896 PlayerId="Reimu")
[Info   :   Console] [服务器] 收到游戏事件: type=CardStateChanged, from=Player_0 (指纹=0xc1e2ad21aba655be, 长度=557, 字段=Timestamp=639053106242661896 PlayerId="Reimu")
[Info   :   Console] [客户端] 已发送游戏事件: ManaConsumeStarted (指纹=0x9b03969350b397d9, 长度=498, 字段=Timestamp=639053106271359251 PlayerId="Reimu")
[Debug  :Network Plugin] [客户端] 已发送游戏事件: ManaConsumeStarted (指纹=0x9b03969350b397d9, 长度=498, 字段=Timestamp=639053106271359251 PlayerId="Reimu")
[Info   :   Console] [客户端] 已发送游戏事件: ManaConsumeCompleted (指纹=0xe2c836b3cfe10cd8, 长度=499, 字段=Timestamp=639053106271359251 PlayerId="Reimu")
[Debug  :Network Plugin] [客户端] 已发送游戏事件: ManaConsumeCompleted (指纹=0xe2c836b3cfe10cd8, 长度=499, 字段=Timestamp=639053106271359251 PlayerId="Reimu")
[Info   :   Console] [服务器] 收到游戏事件: type=ManaConsumeStarted, from=Player_0 (指纹=0x9b03969350b397d9, 长度=498, 字段=Timestamp=639053106271359251 PlayerId="Reimu")
[Info   :   Console] [服务器] 收到游戏事件: type=ManaConsumeCompleted, from=Player_0 (指纹=0xe2c836b3cfe10cd8, 长度=499, 字段=Timestamp=639053106271359251 PlayerId="Reimu")
[Info   :   Console] [客户端] 已发送游戏事件: OnPlayerStateUpdate (指纹=0x12be03ed1eb85349, 长度=332, 字段=Timestamp=639053106272952218 PlayerId="Player_0" Round=6)
[Debug  :Network Plugin] [客户端] 已发送游戏事件: OnPlayerStateUpdate (指纹=0x12be03ed1eb85349, 长度=332, 字段=Timestamp=639053106272952218 PlayerId="Player_0" Round=6)
[Info   :   Console] [服务器] 收到游戏事件: type=OnPlayerStateUpdate, from=Player_0 (指纹=0x12be03ed1eb85349, 长度=332, 字段=Timestamp=639053106272952218 PlayerId="Player_0" Round=6)
[Info   :   Console] [客户端] 已发送游戏事件: CardStateChanged (指纹=0xc1c951a6597fb713, 长度=545, 字段=Timestamp=639053106276263786 PlayerId="Reimu")
[Debug  :Network Plugin] [客户端] 已发送游戏事件: CardStateChanged (指纹=0xc1c951a6597fb713, 长度=545, 字段=Timestamp=639053106276263786 PlayerId="Reimu")
[Info   :   Console] [服务器] 收到游戏事件: type=CardStateChanged, from=Player_0 (指纹=0xc1c951a6597fb713, 长度=545, 字段=Timestamp=639053106276263786 PlayerId="Reimu")
[Info   :   Console] [客户端] 已发送游戏事件: EndTurnRequest (指纹=0x6488d0475fc4cc19, 长度=97, 字段=Timestamp=639053106282659983 PlayerId="Player_0" Round=6)
[Debug  :Network Plugin] [客户端] 已发送游戏事件: EndTurnRequest (指纹=0x6488d0475fc4cc19, 长度=97, 字段=Timestamp=639053106282659983 PlayerId="Player_0" Round=6)
[Info   :   Console] [客户端] 已发送游戏事件: EndTurnStatus (指纹=0x9c29af4034928c63, 长度=110, 字段=Timestamp=639053106282659983 PlayerId="Player_0" Round=6)
[Debug  :Network Plugin] [客户端] 已发送游戏事件: EndTurnStatus (指纹=0x9c29af4034928c63, 长度=110, 字段=Timestamp=639053106282659983 PlayerId="Player_0" Round=6)
[Info   :   Console] [客户端] 已发送游戏事件: EndTurnConfirm (指纹=0xb317835b17f4b0c2, 长度=91, 字段=Timestamp=639053106282670014 Round=6)
[Debug  :Network Plugin] [客户端] 已发送游戏事件: EndTurnConfirm (指纹=0xb317835b17f4b0c2, 长度=91, 字段=Timestamp=639053106282670014 Round=6)
[Info   :   Console] [客户端] 已发送游戏事件: RoomStateUpload (指纹=0xc2028164f240f7a4, 长度=1080, 字段=Timestamp=639052818282670014 Act=1 X=4 Y=2 RoomKey=<已脱敏> RoomVersion=0)
[Debug  :Network Plugin] [客户端] 已发送游戏事件: RoomStateUpload (指纹=0xc2028164f240f7a4, 长度=1080, 字段=Timestamp=639052818282670014 Act=1 X=4 Y=2 RoomKey=<已脱敏> RoomVersion=0)
[Info   :   Console] [客户端] 已发送游戏事件: RoomStateUpload (指纹=0xc2028164f240f7a4, 长度=1080, 字段=Timestamp=639052818282670014 Act=1 X=4 Y=2 RoomKey=<已脱敏> RoomVersion=0)
[Debug  :Network Plugin] [客户端] 已发送游戏事件: RoomStateUpload (指纹=0xc2028164f240f7a4, 长度=1080, 字段=Timestamp=639052818282670014 Act=1 X=4 Y=2 RoomKey=<已脱敏> RoomVersion=0)
[Info   :   Console] [服务器] 收到游戏事件: type=RoomStateUpload, from=Player_0 (指纹=0xc2028164f240f7a4, 长度=1080, 字段=Timestamp=639052818282670014 Act=1 X=4 Y=2 RoomKey=<已脱敏> RoomVersion=0)
[Info   :   Console] [服务器] 收到游戏事件: type=RoomStateUpload, from=Player_0 (指纹=0xc2028164f240f7a4, 长度=1080, 字段=Timestamp=639052818282670014 Act=1 X=4 Y=2 RoomKey=<已脱敏> RoomVersion=0)
[Info   :   Console] [服务器] 收到游戏事件: type=EndTurnRequest, from=Player_0 (指纹=0x6488d0475fc4cc19, 长度=97, 字段=Timestamp=639053106282659983 PlayerId="Player_0" Round=6)
[Info   :   Console] [服务器] 收到游戏事件: type=EndTurnStatus, from=Player_0 (指纹=0x9c29af4034928c63, 长度=110, 字段=Timestamp=639053106282659983 PlayerId="Player_0" Round=6)
[Info   :   Console] [服务器] 收到游戏事件: type=EndTurnConfirm, from=Player_0 (指纹=0xb317835b17f4b0c2, 长度=91, 字段=Timestamp=639053106282670014 Round=6)
[Info   :   Console] [客户端] 已发送游戏事件: CardStateChanged (指纹=0xc86aae1cdbb2c16b, 长度=541, 字段=Timestamp=639053106284555255 PlayerId="Reimu")
[Debug  :Network Plugin] [客户端] 已发送游戏事件: CardStateChanged (指纹=0xc86aae1cdbb2c16b, 长度=541, 字段=Timestamp=639053106284555255 PlayerId="Reimu")
[Info   :   Console] [服务器] 收到游戏事件: type=CardStateChanged, from=Player_0 (指纹=0xc86aae1cdbb2c16b, 长度=541, 字段=Timestamp=639053106284555255 PlayerId="Reimu")
[Info   :   Console] [客户端] 已发送游戏事件: CardStateChanged (指纹=0xa572013bd59ebaf0, 长度=507, 字段=Timestamp=639053106286159832 PlayerId="Reimu")
[Debug  :Network Plugin] [客户端] 已发送游戏事件: CardStateChanged (指纹=0xa572013bd59ebaf0, 长度=507, 字段=Timestamp=639053106286159832 PlayerId="Reimu")
[Info   :   Console] [服务器] 收到游戏事件: type=CardStateChanged, from=Player_0 (指纹=0xa572013bd59ebaf0, 长度=507, 字段=Timestamp=639053106286159832 PlayerId="Reimu")
[Info   :   Console] [客户端] 已发送游戏事件: BattlePlayerDamageBroadcast (指纹=0x0bfcc4f70f942b0a, 长度=423, 字段=Timestamp=639053106299259009 PlayerId="www123" PlayerName="白玉楼剑客" Round=6)
[Debug  :Network Plugin] [客户端] 已发送游戏事件: BattlePlayerDamageBroadcast (指纹=0x0bfcc4f70f942b0a, 长度=423, 字段=Timestamp=639053106299259009 PlayerId="www123" PlayerName="白玉楼剑客" Round=6)
[Info   :Network Plugin] [BattlePlayerDamage] BattlePlayerDamageBroadcast Total=11.0 (HP: 1.0, Block: 10.0, Shield: 0.0). Remaining HP: 79/100
[Info   :   Console] [服务器] 收到游戏事件: type=BattlePlayerDamageBroadcast, from=Player_0 (指纹=0x0bfcc4f70f942b0a, 长度=423, 字段=Timestamp=639053106299259009 PlayerId="www123" PlayerName="白玉楼剑客" Round=6)
[Info   :   Console] [客户端] 已发送请求: BattleEnemyIntentChanged (指纹=0xe9d05e4c2b6e9ac1, 长度=381, 字段=Timestamp=639053106310359882 Round=7)
[Debug  :Network Plugin] [客户端] 已发送请求: BattleEnemyIntentChanged (指纹=0xe9d05e4c2b6e9ac1, 长度=381, 字段=Timestamp=639053106310359882 Round=7)
[Debug  :Network Plugin] [EnemyIntentSync] Intentions updated. Enemy=露娜 RootIndex=1 Round=7 EOT=True
[Info   :   Console] [服务器] 收到游戏事件: type=BattleEnemyIntentChanged, from=Player_0 (指纹=0xe9d05e4c2b6e9ac1, 长度=381, 字段=Timestamp=639053106310359882 Round=7)
[Info   :   Console] [客户端] 已发送游戏事件: ManaRegain (指纹=0xbbe2d950fb6720d1, 长度=615, 字段=Timestamp=639053106321556047 PlayerId="Reimu")
[Debug  :Network Plugin] [客户端] 已发送游戏事件: ManaRegain (指纹=0xbbe2d950fb6720d1, 长度=615, 字段=Timestamp=639053106321556047 PlayerId="Reimu")
[Info   :   Console] [服务器] 收到游戏事件: type=ManaRegain, from=Player_0 (指纹=0xbbe2d950fb6720d1, 长度=615, 字段=Timestamp=639053106321556047 PlayerId="Reimu")
[Info   :   Console] [客户端] 已发送游戏事件: ManaConsumeStarted (指纹=0x33c4c5fbf9da726c, 长度=498, 字段=Timestamp=639053106339751370 PlayerId="Reimu")
[Debug  :Network Plugin] [客户端] 已发送游戏事件: ManaConsumeStarted (指纹=0x33c4c5fbf9da726c, 长度=498, 字段=Timestamp=639053106339751370 PlayerId="Reimu")
[Info   :   Console] [客户端] 已发送游戏事件: ManaConsumeCompleted (指纹=0x91f143ae55532a4e, 长度=499, 字段=Timestamp=639053106339761431 PlayerId="Reimu")
[Debug  :Network Plugin] [客户端] 已发送游戏事件: ManaConsumeCompleted (指纹=0x91f143ae55532a4e, 长度=499, 字段=Timestamp=639053106339761431 PlayerId="Reimu")
[Info   :   Console] [服务器] 收到游戏事件: type=ManaConsumeStarted, from=Player_0 (指纹=0x33c4c5fbf9da726c, 长度=498, 字段=Timestamp=639053106339751370 PlayerId="Reimu")
[Info   :   Console] [服务器] 收到游戏事件: type=ManaConsumeCompleted, from=Player_0 (指纹=0x91f143ae55532a4e, 长度=499, 字段=Timestamp=639053106339761431 PlayerId="Reimu")
[Info   :   Console] [客户端] 已发送游戏事件: BattlePlayerStatusEffectsDeltaBroadcast (指纹=0xeb30ce7c7844634e, 长度=349, 字段=Timestamp=639053106349647399 PlayerId="www123" PlayerName="白玉楼剑客" Round=7)
[Debug  :Network Plugin] [客户端] 已发送游戏事件: BattlePlayerStatusEffectsDeltaBroadcast (指纹=0xeb30ce7c7844634e, 长度=349, 字段=Timestamp=639053106349647399 PlayerId="www123" PlayerName="白玉楼剑客" Round=7)
[Info   :   Console] [服务器] 收到游戏事件: type=BattlePlayerStatusEffectsDeltaBroadcast, from=Player_0 (指纹=0xeb30ce7c7844634e, 长度=349, 字段=Timestamp=639053106349647399 PlayerId="www123" PlayerName="白玉楼剑客" Round=7)
[Info   :   Console] [客户端] 已发送游戏事件: CardStateChanged (指纹=0xb611adbce8198ba8, 长度=545, 字段=Timestamp=639053106351132052 PlayerId="Reimu")
[Debug  :Network Plugin] [客户端] 已发送游戏事件: CardStateChanged (指纹=0xb611adbce8198ba8, 长度=545, 字段=Timestamp=639053106351132052 PlayerId="Reimu")
[Info   :   Console] [服务器] 收到游戏事件: type=CardStateChanged, from=Player_0 (指纹=0xb611adbce8198ba8, 长度=545, 字段=Timestamp=639053106351132052 PlayerId="Reimu")
[Info   :   Console] [客户端] 已发送游戏事件: ManaConsumeStarted (指纹=0x686642dd677acfdb, 长度=498, 字段=Timestamp=639053106388536994 PlayerId="Reimu")
[Debug  :Network Plugin] [客户端] 已发送游戏事件: ManaConsumeStarted (指纹=0x686642dd677acfdb, 长度=498, 字段=Timestamp=639053106388536994 PlayerId="Reimu")
[Info   :   Console] [客户端] 已发送游戏事件: ManaConsumeCompleted (指纹=0xbe23bd2afd125bbd, 长度=499, 字段=Timestamp=639053106388546974 PlayerId="Reimu")
[Debug  :Network Plugin] [客户端] 已发送游戏事件: ManaConsumeCompleted (指纹=0xbe23bd2afd125bbd, 长度=499, 字段=Timestamp=639053106388546974 PlayerId="Reimu")
[Info   :   Console] [服务器] 收到游戏事件: type=ManaConsumeStarted, from=Player_0 (指纹=0x686642dd677acfdb, 长度=498, 字段=Timestamp=639053106388536994 PlayerId="Reimu")
[Info   :   Console] [服务器] 收到游戏事件: type=ManaConsumeCompleted, from=Player_0 (指纹=0xbe23bd2afd125bbd, 长度=499, 字段=Timestamp=639053106388546974 PlayerId="Reimu")
[Info   :   Console] [客户端] 已发送游戏事件: CardStateChanged (指纹=0x6e5997021c98d308, 长度=549, 字段=Timestamp=639053106396240578 PlayerId="Reimu")
[Debug  :Network Plugin] [客户端] 已发送游戏事件: CardStateChanged (指纹=0x6e5997021c98d308, 长度=549, 字段=Timestamp=639053106396240578 PlayerId="Reimu")
[Info   :   Console] [服务器] 收到游戏事件: type=CardStateChanged, from=Player_0 (指纹=0x6e5997021c98d308, 长度=549, 字段=Timestamp=639053106396240578 PlayerId="Reimu")
[Info   :   Console] [客户端] 已发送游戏事件: ManaConsumeStarted (指纹=0x08c2990510874776, 长度=498, 字段=Timestamp=639053106399525423 PlayerId="Reimu")
[Debug  :Network Plugin] [客户端] 已发送游戏事件: ManaConsumeStarted (指纹=0x08c2990510874776, 长度=498, 字段=Timestamp=639053106399525423 PlayerId="Reimu")
[Info   :   Console] [客户端] 已发送游戏事件: ManaConsumeCompleted (指纹=0xecbb8564e99f24db, 长度=499, 字段=Timestamp=639053106399538791 PlayerId="Reimu")
[Debug  :Network Plugin] [客户端] 已发送游戏事件: ManaConsumeCompleted (指纹=0xecbb8564e99f24db, 长度=499, 字段=Timestamp=639053106399538791 PlayerId="Reimu")
[Info   :   Console] [服务器] 收到游戏事件: type=ManaConsumeStarted, from=Player_0 (指纹=0x08c2990510874776, 长度=498, 字段=Timestamp=639053106399525423 PlayerId="Reimu")
[Info   :   Console] [服务器] 收到游戏事件: type=ManaConsumeCompleted, from=Player_0 (指纹=0xecbb8564e99f24db, 长度=499, 字段=Timestamp=639053106399538791 PlayerId="Reimu")
[Info   :   Console] [客户端] 已发送游戏事件: CardStateChanged (指纹=0xc485fac61571ac55, 长度=549, 字段=Timestamp=639053106407228482 PlayerId="Reimu")
[Debug  :Network Plugin] [客户端] 已发送游戏事件: CardStateChanged (指纹=0xc485fac61571ac55, 长度=549, 字段=Timestamp=639053106407228482 PlayerId="Reimu")
[Info   :   Console] [服务器] 收到游戏事件: type=CardStateChanged, from=Player_0 (指纹=0xc485fac61571ac55, 长度=549, 字段=Timestamp=639053106407228482 PlayerId="Reimu")
[Info   :   Console] [客户端] 已发送游戏事件: EndTurnRequest (指纹=0x0fe0975a1fe3da30, 长度=97, 字段=Timestamp=639053106416630110 PlayerId="Player_0" Round=7)
[Debug  :Network Plugin] [客户端] 已发送游戏事件: EndTurnRequest (指纹=0x0fe0975a1fe3da30, 长度=97, 字段=Timestamp=639053106416630110 PlayerId="Player_0" Round=7)
[Info   :   Console] [客户端] 已发送游戏事件: EndTurnStatus (指纹=0x24272bde093d6f04, 长度=110, 字段=Timestamp=639053106416630110 PlayerId="Player_0" Round=7)
[Debug  :Network Plugin] [客户端] 已发送游戏事件: EndTurnStatus (指纹=0x24272bde093d6f04, 长度=110, 字段=Timestamp=639053106416630110 PlayerId="Player_0" Round=7)
[Info   :   Console] [客户端] 已发送游戏事件: EndTurnConfirm (指纹=0xd9fb2182669f707b, 长度=91, 字段=Timestamp=639053106416630110 Round=7)
[Debug  :Network Plugin] [客户端] 已发送游戏事件: EndTurnConfirm (指纹=0xd9fb2182669f707b, 长度=91, 字段=Timestamp=639053106416630110 Round=7)
[Info   :   Console] [客户端] 已发送游戏事件: RoomStateUpload (指纹=0x27b8d47e85f2e851, 长度=1080, 字段=Timestamp=639052818416642772 Act=1 X=4 Y=2 RoomKey=<已脱敏> RoomVersion=0)
[Debug  :Network Plugin] [客户端] 已发送游戏事件: RoomStateUpload (指纹=0x27b8d47e85f2e851, 长度=1080, 字段=Timestamp=639052818416642772 Act=1 X=4 Y=2 RoomKey=<已脱敏> RoomVersion=0)
[Info   :   Console] [客户端] 已发送游戏事件: RoomStateUpload (指纹=0xa19f68cbc6a1df38, 长度=1080, 字段=Timestamp=639052818416647789 Act=1 X=4 Y=2 RoomKey=<已脱敏> RoomVersion=0)
[Debug  :Network Plugin] [客户端] 已发送游戏事件: RoomStateUpload (指纹=0xa19f68cbc6a1df38, 长度=1080, 字段=Timestamp=639052818416647789 Act=1 X=4 Y=2 RoomKey=<已脱敏> RoomVersion=0)
[Info   :   Console] [服务器] 收到游戏事件: type=RoomStateUpload, from=Player_0 (指纹=0x27b8d47e85f2e851, 长度=1080, 字段=Timestamp=639052818416642772 Act=1 X=4 Y=2 RoomKey=<已脱敏> RoomVersion=0)
[Info   :   Console] [服务器] 收到游戏事件: type=RoomStateUpload, from=Player_0 (指纹=0xa19f68cbc6a1df38, 长度=1080, 字段=Timestamp=639052818416647789 Act=1 X=4 Y=2 RoomKey=<已脱敏> RoomVersion=0)
[Info   :   Console] [服务器] 收到游戏事件: type=EndTurnRequest, from=Player_0 (指纹=0x0fe0975a1fe3da30, 长度=97, 字段=Timestamp=639053106416630110 PlayerId="Player_0" Round=7)
[Info   :   Console] [服务器] 收到游戏事件: type=EndTurnStatus, from=Player_0 (指纹=0x24272bde093d6f04, 长度=110, 字段=Timestamp=639053106416630110 PlayerId="Player_0" Round=7)
[Info   :   Console] [服务器] 收到游戏事件: type=EndTurnConfirm, from=Player_0 (指纹=0xd9fb2182669f707b, 长度=91, 字段=Timestamp=639053106416630110 Round=7)
[Info   :   Console] [客户端] 已发送游戏事件: BattlePlayerDamageBroadcast (指纹=0xf2d82e019ab5357e, 长度=425, 字段=Timestamp=639053106417632495 PlayerId="www123" PlayerName="白玉楼剑客" Round=7)
[Debug  :Network Plugin] [客户端] 已发送游戏事件: BattlePlayerDamageBroadcast (指纹=0xf2d82e019ab5357e, 长度=425, 字段=Timestamp=639053106417632495 PlayerId="www123" PlayerName="白玉楼剑客" Round=7)
[Info   :Network Plugin] [BattlePlayerDamage] BattlePlayerDamageBroadcast Total=5.0 (HP: 5.0, Block: 0.0, Shield: 0.0). Remaining HP: 74/100
[Info   :   Console] [服务器] 收到游戏事件: type=BattlePlayerDamageBroadcast, from=Player_0 (指纹=0xf2d82e019ab5357e, 长度=425, 字段=Timestamp=639053106417632495 PlayerId="www123" PlayerName="白玉楼剑客" Round=7)
[Info   :   Console] [客户端] 已发送游戏事件: CardStateChanged (指纹=0xbcfe7f8997488c83, 长度=519, 字段=Timestamp=639053106423528278 PlayerId="Reimu")
[Debug  :Network Plugin] [客户端] 已发送游戏事件: CardStateChanged (指纹=0xbcfe7f8997488c83, 长度=519, 字段=Timestamp=639053106423528278 PlayerId="Reimu")
[Info   :   Console] [服务器] 收到游戏事件: type=CardStateChanged, from=Player_0 (指纹=0xbcfe7f8997488c83, 长度=519, 字段=Timestamp=639053106423528278 PlayerId="Reimu")
[Info   :   Console] [客户端] 已发送游戏事件: CardStateChanged (指纹=0xe16ac3fd4e031d2b, 长度=537, 字段=Timestamp=639053106424323205 PlayerId="Reimu")
[Debug  :Network Plugin] [客户端] 已发送游戏事件: CardStateChanged (指纹=0xe16ac3fd4e031d2b, 长度=537, 字段=Timestamp=639053106424323205 PlayerId="Reimu")
[Info   :   Console] [服务器] 收到游戏事件: type=CardStateChanged, from=Player_0 (指纹=0xe16ac3fd4e031d2b, 长度=537, 字段=Timestamp=639053106424323205 PlayerId="Reimu")
[Info   :   Console] [客户端] 已发送游戏事件: CardStateChanged (指纹=0x19cd61415e88ba5b, 长度=537, 字段=Timestamp=639053106425925143 PlayerId="Reimu")
[Debug  :Network Plugin] [客户端] 已发送游戏事件: CardStateChanged (指纹=0x19cd61415e88ba5b, 长度=537, 字段=Timestamp=639053106425925143 PlayerId="Reimu")
[Info   :   Console] [服务器] 收到游戏事件: type=CardStateChanged, from=Player_0 (指纹=0x19cd61415e88ba5b, 长度=537, 字段=Timestamp=639053106425925143 PlayerId="Reimu")
[Info   :   Console] [客户端] 已发送游戏事件: CardStateChanged (指纹=0x39ed0dd8773516e4, 长度=519, 字段=Timestamp=639053106426726573 PlayerId="Reimu")
[Debug  :Network Plugin] [客户端] 已发送游戏事件: CardStateChanged (指纹=0x39ed0dd8773516e4, 长度=519, 字段=Timestamp=639053106426726573 PlayerId="Reimu")
[Info   :   Console] [服务器] 收到游戏事件: type=CardStateChanged, from=Player_0 (指纹=0x39ed0dd8773516e4, 长度=519, 字段=Timestamp=639053106426726573 PlayerId="Reimu")
[Info   :   Console] [客户端] 已发送游戏事件: CardStateChanged (指纹=0xd45d6724b49cca87, 长度=537, 字段=Timestamp=639053106427524904 PlayerId="Reimu")
[Debug  :Network Plugin] [客户端] 已发送游戏事件: CardStateChanged (指纹=0xd45d6724b49cca87, 长度=537, 字段=Timestamp=639053106427524904 PlayerId="Reimu")
[Info   :   Console] [服务器] 收到游戏事件: type=CardStateChanged, from=Player_0 (指纹=0xd45d6724b49cca87, 长度=537, 字段=Timestamp=639053106427524904 PlayerId="Reimu")
[Info   :   Console] [客户端] 已发送游戏事件: BattlePlayerStatusEffectsDeltaBroadcast (指纹=0xd7fac19f6b0494a6, 长度=349, 字段=Timestamp=639053106428530432 PlayerId="www123" PlayerName="白玉楼剑客" Round=7)
[Debug  :Network Plugin] [客户端] 已发送游戏事件: BattlePlayerStatusEffectsDeltaBroadcast (指纹=0xd7fac19f6b0494a6, 长度=349, 字段=Timestamp=639053106428530432 PlayerId="www123" PlayerName="白玉楼剑客" Round=7)
[Info   :   Console] [服务器] 收到游戏事件: type=BattlePlayerStatusEffectsDeltaBroadcast, from=Player_0 (指纹=0xd7fac19f6b0494a6, 长度=349, 字段=Timestamp=639053106428530432 PlayerId="www123" PlayerName="白玉楼剑客" Round=7)
[Info   :   Console] [客户端] 已发送游戏事件: CardStateChanged (指纹=0x03dbd2752563f7b3, 长度=328, 字段=Timestamp=639053106443616685 PlayerId="Reimu")
[Debug  :Network Plugin] [客户端] 已发送游戏事件: CardStateChanged (指纹=0x03dbd2752563f7b3, 长度=328, 字段=Timestamp=639053106443616685 PlayerId="Reimu")
[Info   :   Console] [服务器] 收到游戏事件: type=CardStateChanged, from=Player_0 (指纹=0x03dbd2752563f7b3, 长度=328, 字段=Timestamp=639053106443616685 PlayerId="Reimu")
[Info   :   Console] [客户端] 已发送请求: BattleEnemyIntentChanged (指纹=0x6e6ef8a05bc468bd, 长度=470, 字段=Timestamp=639053106451331874 Round=8)
[Debug  :Network Plugin] [客户端] 已发送请求: BattleEnemyIntentChanged (指纹=0x6e6ef8a05bc468bd, 长度=470, 字段=Timestamp=639053106451331874 Round=8)
[Debug  :Network Plugin] [EnemyIntentSync] Intentions updated. Enemy=露娜 RootIndex=1 Round=8 EOT=True
[Info   :   Console] [服务器] 收到游戏事件: type=BattleEnemyIntentChanged, from=Player_0 (指纹=0x6e6ef8a05bc468bd, 长度=470, 字段=Timestamp=639053106451331874 Round=8)
[Info   :   Console] [客户端] 已发送游戏事件: ManaRegain (指纹=0x837de294f603c8db, 长度=615, 字段=Timestamp=639053106462511404 PlayerId="Reimu")
[Debug  :Network Plugin] [客户端] 已发送游戏事件: ManaRegain (指纹=0x837de294f603c8db, 长度=615, 字段=Timestamp=639053106462511404 PlayerId="Reimu")
[Info   :   Console] [服务器] 收到游戏事件: type=ManaRegain, from=Player_0 (指纹=0x837de294f603c8db, 长度=615, 字段=Timestamp=639053106462511404 PlayerId="Reimu")
[Info   :   Console] [客户端] 已发送游戏事件: ManaConsumeStarted (指纹=0x4fc300f4ee196848, 长度=498, 字段=Timestamp=639053106486612371 PlayerId="Reimu")
[Debug  :Network Plugin] [客户端] 已发送游戏事件: ManaConsumeStarted (指纹=0x4fc300f4ee196848, 长度=498, 字段=Timestamp=639053106486612371 PlayerId="Reimu")
[Info   :   Console] [客户端] 已发送游戏事件: ManaConsumeCompleted (指纹=0xf40e6cc39e86749a, 长度=499, 字段=Timestamp=639053106486622397 PlayerId="Reimu")
[Debug  :Network Plugin] [客户端] 已发送游戏事件: ManaConsumeCompleted (指纹=0xf40e6cc39e86749a, 长度=499, 字段=Timestamp=639053106486622397 PlayerId="Reimu")
[Info   :   Console] [服务器] 收到游戏事件: type=ManaConsumeStarted, from=Player_0 (指纹=0x4fc300f4ee196848, 长度=498, 字段=Timestamp=639053106486612371 PlayerId="Reimu")
[Info   :   Console] [服务器] 收到游戏事件: type=ManaConsumeCompleted, from=Player_0 (指纹=0xf40e6cc39e86749a, 长度=499, 字段=Timestamp=639053106486622397 PlayerId="Reimu")
[Info   :   Console] [客户端] 已发送游戏事件: CardStateChanged (指纹=0x55ca4d4420de2b3c, 长度=557, 字段=Timestamp=639053106499913218 PlayerId="Reimu")
[Debug  :Network Plugin] [客户端] 已发送游戏事件: CardStateChanged (指纹=0x55ca4d4420de2b3c, 长度=557, 字段=Timestamp=639053106499913218 PlayerId="Reimu")
[Info   :   Console] [服务器] 收到游戏事件: type=CardStateChanged, from=Player_0 (指纹=0x55ca4d4420de2b3c, 长度=557, 字段=Timestamp=639053106499913218 PlayerId="Reimu")
[Debug  :Network Plugin] [ReconnectionManager] Full snapshot created at 639052818518818899
[Info   :   Console] [客户端] 已发送游戏事件: ManaConsumeStarted (指纹=0xdc4d74a4eb129831, 长度=498, 字段=Timestamp=639053106526302355 PlayerId="Reimu")
[Debug  :Network Plugin] [客户端] 已发送游戏事件: ManaConsumeStarted (指纹=0xdc4d74a4eb129831, 长度=498, 字段=Timestamp=639053106526302355 PlayerId="Reimu")
[Info   :   Console] [客户端] 已发送游戏事件: ManaConsumeCompleted (指纹=0x7e263010a61d9d5f, 长度=499, 字段=Timestamp=639053106526312340 PlayerId="Reimu")
[Debug  :Network Plugin] [客户端] 已发送游戏事件: ManaConsumeCompleted (指纹=0x7e263010a61d9d5f, 长度=499, 字段=Timestamp=639053106526312340 PlayerId="Reimu")
[Info   :   Console] [服务器] 收到游戏事件: type=ManaConsumeStarted, from=Player_0 (指纹=0xdc4d74a4eb129831, 长度=498, 字段=Timestamp=639053106526302355 PlayerId="Reimu")
[Info   :   Console] [服务器] 收到游戏事件: type=ManaConsumeCompleted, from=Player_0 (指纹=0x7e263010a61d9d5f, 长度=499, 字段=Timestamp=639053106526312340 PlayerId="Reimu")
[Info   :   Console] [客户端] 已发送游戏事件: BattlePlayerStatusEffectsDeltaBroadcast (指纹=0x7470f11c0f7c5f13, 长度=349, 字段=Timestamp=639053106530505077 PlayerId="www123" PlayerName="白玉楼剑客" Round=8)
[Debug  :Network Plugin] [客户端] 已发送游戏事件: BattlePlayerStatusEffectsDeltaBroadcast (指纹=0x7470f11c0f7c5f13, 长度=349, 字段=Timestamp=639053106530505077 PlayerId="www123" PlayerName="白玉楼剑客" Round=8)
[Info   :   Console] [服务器] 收到游戏事件: type=BattlePlayerStatusEffectsDeltaBroadcast, from=Player_0 (指纹=0x7470f11c0f7c5f13, 长度=349, 字段=Timestamp=639053106530505077 PlayerId="www123" PlayerName="白玉楼剑客" Round=8)
[Info   :   Console] [客户端] 已发送游戏事件: CardStateChanged (指纹=0x1975894d6de437e8, 长度=545, 字段=Timestamp=639053106532002288 PlayerId="Reimu")
[Debug  :Network Plugin] [客户端] 已发送游戏事件: CardStateChanged (指纹=0x1975894d6de437e8, 长度=545, 字段=Timestamp=639053106532002288 PlayerId="Reimu")
[Info   :   Console] [服务器] 收到游戏事件: type=CardStateChanged, from=Player_0 (指纹=0x1975894d6de437e8, 长度=545, 字段=Timestamp=639053106532002288 PlayerId="Reimu")
[Info   :   Console] [客户端] 已发送游戏事件: ManaConsumeStarted (指纹=0x6f7e85f763c63e62, 长度=498, 字段=Timestamp=639053106540492417 PlayerId="Reimu")
[Debug  :Network Plugin] [客户端] 已发送游戏事件: ManaConsumeStarted (指纹=0x6f7e85f763c63e62, 长度=498, 字段=Timestamp=639053106540492417 PlayerId="Reimu")
[Info   :   Console] [客户端] 已发送游戏事件: ManaConsumeCompleted (指纹=0x7ddb7810a0dd545c, 长度=499, 字段=Timestamp=639053106540507459 PlayerId="Reimu")
[Debug  :Network Plugin] [客户端] 已发送游戏事件: ManaConsumeCompleted (指纹=0x7ddb7810a0dd545c, 长度=499, 字段=Timestamp=639053106540507459 PlayerId="Reimu")
[Info   :   Console] [服务器] 收到游戏事件: type=ManaConsumeStarted, from=Player_0 (指纹=0x6f7e85f763c63e62, 长度=498, 字段=Timestamp=639053106540492417 PlayerId="Reimu")
[Info   :   Console] [服务器] 收到游戏事件: type=ManaConsumeCompleted, from=Player_0 (指纹=0x7ddb7810a0dd545c, 长度=499, 字段=Timestamp=639053106540507459 PlayerId="Reimu")
[Info   :   Console] [客户端] 已发送游戏事件: OnPlayerStateUpdate (指纹=0x23d3e1ed96e470e8, 长度=332, 字段=Timestamp=639053106542112630 PlayerId="Player_0" Round=8)
[Debug  :Network Plugin] [客户端] 已发送游戏事件: OnPlayerStateUpdate (指纹=0x23d3e1ed96e470e8, 长度=332, 字段=Timestamp=639053106542112630 PlayerId="Player_0" Round=8)
[Info   :   Console] [服务器] 收到游戏事件: type=OnPlayerStateUpdate, from=Player_0 (指纹=0x23d3e1ed96e470e8, 长度=332, 字段=Timestamp=639053106542112630 PlayerId="Player_0" Round=8)
[Info   :   Console] [客户端] 已发送游戏事件: CardStateChanged (指纹=0xd03e75dccc6d4522, 长度=545, 字段=Timestamp=639053106545398185 PlayerId="Reimu")
[Debug  :Network Plugin] [客户端] 已发送游戏事件: CardStateChanged (指纹=0xd03e75dccc6d4522, 长度=545, 字段=Timestamp=639053106545398185 PlayerId="Reimu")
[Info   :   Console] [服务器] 收到游戏事件: type=CardStateChanged, from=Player_0 (指纹=0xd03e75dccc6d4522, 长度=545, 字段=Timestamp=639053106545398185 PlayerId="Reimu")
[Info   :   Console] [客户端] 已发送游戏事件: EndTurnRequest (指纹=0x5bae0cb346f907aa, 长度=97, 字段=Timestamp=639053106550900602 PlayerId="Player_0" Round=8)
[Debug  :Network Plugin] [客户端] 已发送游戏事件: EndTurnRequest (指纹=0x5bae0cb346f907aa, 长度=97, 字段=Timestamp=639053106550900602 PlayerId="Player_0" Round=8)
[Info   :   Console] [客户端] 已发送游戏事件: EndTurnStatus (指纹=0xdfe041d2acc3d55c, 长度=110, 字段=Timestamp=639053106550915615 PlayerId="Player_0" Round=8)
[Debug  :Network Plugin] [客户端] 已发送游戏事件: EndTurnStatus (指纹=0xdfe041d2acc3d55c, 长度=110, 字段=Timestamp=639053106550915615 PlayerId="Player_0" Round=8)
[Info   :   Console] [客户端] 已发送游戏事件: EndTurnConfirm (指纹=0x2c0cd20c073772d7, 长度=91, 字段=Timestamp=639053106550915615 Round=8)
[Debug  :Network Plugin] [客户端] 已发送游戏事件: EndTurnConfirm (指纹=0x2c0cd20c073772d7, 长度=91, 字段=Timestamp=639053106550915615 Round=8)
[Info   :   Console] [客户端] 已发送游戏事件: RoomStateUpload (指纹=0xbf446277aaf61c14, 长度=1079, 字段=Timestamp=639052818550920641 Act=1 X=4 Y=2 RoomKey=<已脱敏> RoomVersion=0)
[Debug  :Network Plugin] [客户端] 已发送游戏事件: RoomStateUpload (指纹=0xbf446277aaf61c14, 长度=1079, 字段=Timestamp=639052818550920641 Act=1 X=4 Y=2 RoomKey=<已脱敏> RoomVersion=0)
[Info   :   Console] [客户端] 已发送游戏事件: RoomStateUpload (指纹=0xbf446277aaf61c14, 长度=1079, 字段=Timestamp=639052818550920641 Act=1 X=4 Y=2 RoomKey=<已脱敏> RoomVersion=0)
[Debug  :Network Plugin] [客户端] 已发送游戏事件: RoomStateUpload (指纹=0xbf446277aaf61c14, 长度=1079, 字段=Timestamp=639052818550920641 Act=1 X=4 Y=2 RoomKey=<已脱敏> RoomVersion=0)
[Info   :   Console] [服务器] 收到游戏事件: type=RoomStateUpload, from=Player_0 (指纹=0xbf446277aaf61c14, 长度=1079, 字段=Timestamp=639052818550920641 Act=1 X=4 Y=2 RoomKey=<已脱敏> RoomVersion=0)
[Info   :   Console] [服务器] 收到游戏事件: type=RoomStateUpload, from=Player_0 (指纹=0xbf446277aaf61c14, 长度=1079, 字段=Timestamp=639052818550920641 Act=1 X=4 Y=2 RoomKey=<已脱敏> RoomVersion=0)
[Info   :   Console] [服务器] 收到游戏事件: type=EndTurnRequest, from=Player_0 (指纹=0x5bae0cb346f907aa, 长度=97, 字段=Timestamp=639053106550900602 PlayerId="Player_0" Round=8)
[Info   :   Console] [服务器] 收到游戏事件: type=EndTurnStatus, from=Player_0 (指纹=0xdfe041d2acc3d55c, 长度=110, 字段=Timestamp=639053106550915615 PlayerId="Player_0" Round=8)
[Info   :   Console] [服务器] 收到游戏事件: type=EndTurnConfirm, from=Player_0 (指纹=0x2c0cd20c073772d7, 长度=91, 字段=Timestamp=639053106550915615 Round=8)
[Info   :   Console] [客户端] 已发送游戏事件: CardStateChanged (指纹=0xc1a920b5af508e62, 长度=507, 字段=Timestamp=639053106552903525 PlayerId="Reimu")
[Debug  :Network Plugin] [客户端] 已发送游戏事件: CardStateChanged (指纹=0xc1a920b5af508e62, 长度=507, 字段=Timestamp=639053106552903525 PlayerId="Reimu")
[Info   :   Console] [服务器] 收到游戏事件: type=CardStateChanged, from=Player_0 (指纹=0xc1a920b5af508e62, 长度=507, 字段=Timestamp=639053106552903525 PlayerId="Reimu")
[Info   :   Console] [客户端] 已发送游戏事件: CardStateChanged (指纹=0x16e4211a0903e584, 长度=519, 字段=Timestamp=639053106553700002 PlayerId="Reimu")
[Debug  :Network Plugin] [客户端] 已发送游戏事件: CardStateChanged (指纹=0x16e4211a0903e584, 长度=519, 字段=Timestamp=639053106553700002 PlayerId="Reimu")
[Info   :   Console] [服务器] 收到游戏事件: type=CardStateChanged, from=Player_0 (指纹=0x16e4211a0903e584, 长度=519, 字段=Timestamp=639053106553700002 PlayerId="Reimu")
[Info   :   Console] [客户端] 已发送游戏事件: CardStateChanged (指纹=0x5a0cdc6374c37ded, 长度=541, 字段=Timestamp=639053106554500194 PlayerId="Reimu")
[Debug  :Network Plugin] [客户端] 已发送游戏事件: CardStateChanged (指纹=0x5a0cdc6374c37ded, 长度=541, 字段=Timestamp=639053106554500194 PlayerId="Reimu")
[Info   :   Console] [服务器] 收到游戏事件: type=CardStateChanged, from=Player_0 (指纹=0x5a0cdc6374c37ded, 长度=541, 字段=Timestamp=639053106554500194 PlayerId="Reimu")
[Info   :   Console] [客户端] 已发送游戏事件: CardStateChanged (指纹=0x3db563c6e62b4753, 长度=537, 字段=Timestamp=639053106555299666 PlayerId="Reimu")
[Debug  :Network Plugin] [客户端] 已发送游戏事件: CardStateChanged (指纹=0x3db563c6e62b4753, 长度=537, 字段=Timestamp=639053106555299666 PlayerId="Reimu")
[Info   :   Console] [服务器] 收到游戏事件: type=CardStateChanged, from=Player_0 (指纹=0x3db563c6e62b4753, 长度=537, 字段=Timestamp=639053106555299666 PlayerId="Reimu")
[Info   :   Console] [客户端] 已发送游戏事件: CardStateChanged (指纹=0x737bd1b1c7c65ab3, 长度=519, 字段=Timestamp=639053106556100813 PlayerId="Reimu")
[Debug  :Network Plugin] [客户端] 已发送游戏事件: CardStateChanged (指纹=0x737bd1b1c7c65ab3, 长度=519, 字段=Timestamp=639053106556100813 PlayerId="Reimu")
[Info   :   Console] [服务器] 收到游戏事件: type=CardStateChanged, from=Player_0 (指纹=0x737bd1b1c7c65ab3, 长度=519, 字段=Timestamp=639053106556100813 PlayerId="Reimu")
[Info   :   Console] [客户端] 已发送游戏事件: CardStateChanged (指纹=0xa231519eb3ebdcd3, 长度=537, 字段=Timestamp=639053106556903801 PlayerId="Reimu")
[Debug  :Network Plugin] [客户端] 已发送游戏事件: CardStateChanged (指纹=0xa231519eb3ebdcd3, 长度=537, 字段=Timestamp=639053106556903801 PlayerId="Reimu")
[Info   :   Console] [服务器] 收到游戏事件: type=CardStateChanged, from=Player_0 (指纹=0xa231519eb3ebdcd3, 长度=537, 字段=Timestamp=639053106556903801 PlayerId="Reimu")
[Info   :   Console] [客户端] 已发送游戏事件: BattlePlayerStatusEffectsDeltaBroadcast (指纹=0xe976ecc61434f83c, 长度=349, 字段=Timestamp=639053106557892093 PlayerId="www123" PlayerName="白玉楼剑客" Round=8)
[Debug  :Network Plugin] [客户端] 已发送游戏事件: BattlePlayerStatusEffectsDeltaBroadcast (指纹=0xe976ecc61434f83c, 长度=349, 字段=Timestamp=639053106557892093 PlayerId="www123" PlayerName="白玉楼剑客" Round=8)
[Info   :   Console] [服务器] 收到游戏事件: type=BattlePlayerStatusEffectsDeltaBroadcast, from=Player_0 (指纹=0xe976ecc61434f83c, 长度=349, 字段=Timestamp=639053106557892093 PlayerId="www123" PlayerName="白玉楼剑客" Round=8)
[Info   :   Console] [客户端] 已发送游戏事件: BattlePlayerDamageBroadcast (指纹=0x9cb64fa2b7642e42, 长度=421, 字段=Timestamp=639053106570789898 PlayerId="www123" PlayerName="白玉楼剑客" Round=8)
[Debug  :Network Plugin] [客户端] 已发送游戏事件: BattlePlayerDamageBroadcast (指纹=0x9cb64fa2b7642e42, 长度=421, 字段=Timestamp=639053106570789898 PlayerId="www123" PlayerName="白玉楼剑客" Round=8)
[Info   :Network Plugin] [BattlePlayerDamage] BattlePlayerDamageBroadcast Total=7.0 (HP: 0.0, Block: 7.0, Shield: 0.0). Remaining HP: 74/100
[Info   :   Console] [服务器] 收到游戏事件: type=BattlePlayerDamageBroadcast, from=Player_0 (指纹=0x9cb64fa2b7642e42, 长度=421, 字段=Timestamp=639053106570789898 PlayerId="www123" PlayerName="白玉楼剑客" Round=8)
[Info   :   Console] [客户端] 已发送请求: BattleEnemyIntentChanged (指纹=0x0ad1fd899afad7ec, 长度=381, 字段=Timestamp=639053106580999646 Round=9)
[Debug  :Network Plugin] [客户端] 已发送请求: BattleEnemyIntentChanged (指纹=0x0ad1fd899afad7ec, 长度=381, 字段=Timestamp=639053106580999646 Round=9)
[Debug  :Network Plugin] [EnemyIntentSync] Intentions updated. Enemy=露娜 RootIndex=1 Round=9 EOT=True
[Info   :   Console] [服务器] 收到游戏事件: type=BattleEnemyIntentChanged, from=Player_0 (指纹=0x0ad1fd899afad7ec, 长度=381, 字段=Timestamp=639053106580999646 Round=9)
[Info   :   Console] [客户端] 已发送游戏事件: OnPlayerStateUpdate (指纹=0xce29cbe55d1dd68f, 长度=327, 字段=Timestamp=639053106591599801 PlayerId="Player_0" Round=9)
[Debug  :Network Plugin] [客户端] 已发送游戏事件: OnPlayerStateUpdate (指纹=0xce29cbe55d1dd68f, 长度=327, 字段=Timestamp=639053106591599801 PlayerId="Player_0" Round=9)
[Info   :   Console] [服务器] 收到游戏事件: type=OnPlayerStateUpdate, from=Player_0 (指纹=0xce29cbe55d1dd68f, 长度=327, 字段=Timestamp=639053106591599801 PlayerId="Player_0" Round=9)
[Info   :   Console] [客户端] 已发送游戏事件: ManaRegain (指纹=0x7b5d5ada035252c9, 长度=615, 字段=Timestamp=639053106592597901 PlayerId="Reimu")
[Debug  :Network Plugin] [客户端] 已发送游戏事件: ManaRegain (指纹=0x7b5d5ada035252c9, 长度=615, 字段=Timestamp=639053106592597901 PlayerId="Reimu")
[Info   :   Console] [服务器] 收到游戏事件: type=ManaRegain, from=Player_0 (指纹=0x7b5d5ada035252c9, 长度=615, 字段=Timestamp=639053106592597901 PlayerId="Reimu")
[Info   :   Console] [客户端] 已发送游戏事件: ManaConsumeCompleted (指纹=0xfde63298801c7020, 长度=625, 字段=Timestamp=639053106594391165 PlayerId="Reimu")
[Debug  :Network Plugin] [客户端] 已发送游戏事件: ManaConsumeCompleted (指纹=0xfde63298801c7020, 长度=625, 字段=Timestamp=639053106594391165 PlayerId="Reimu")
[Info   :   Console] [服务器] 收到游戏事件: type=ManaConsumeCompleted, from=Player_0 (指纹=0xfde63298801c7020, 长度=625, 字段=Timestamp=639053106594391165 PlayerId="Reimu")
[Info   :   Console] [客户端] 已发送游戏事件: ManaConsumeStarted (指纹=0xc1c027f3414dd7df, 长度=498, 字段=Timestamp=639053106623688253 PlayerId="Reimu")
[Debug  :Network Plugin] [客户端] 已发送游戏事件: ManaConsumeStarted (指纹=0xc1c027f3414dd7df, 长度=498, 字段=Timestamp=639053106623688253 PlayerId="Reimu")
[Info   :   Console] [客户端] 已发送游戏事件: ManaConsumeCompleted (指纹=0xf6f1d79dec7492d9, 长度=499, 字段=Timestamp=639053106623693285 PlayerId="Reimu")
[Debug  :Network Plugin] [客户端] 已发送游戏事件: ManaConsumeCompleted (指纹=0xf6f1d79dec7492d9, 长度=499, 字段=Timestamp=639053106623693285 PlayerId="Reimu")
[Info   :   Console] [服务器] 收到游戏事件: type=ManaConsumeStarted, from=Player_0 (指纹=0xc1c027f3414dd7df, 长度=498, 字段=Timestamp=639053106623688253 PlayerId="Reimu")
[Info   :   Console] [服务器] 收到游戏事件: type=ManaConsumeCompleted, from=Player_0 (指纹=0xf6f1d79dec7492d9, 长度=499, 字段=Timestamp=639053106623693285 PlayerId="Reimu")
[Info   :   Console] [客户端] 已发送游戏事件: BattlePlayerHealBroadcast (指纹=0x7a985330fc7b926c, 长度=259, 字段=Timestamp=639053106640482230 PlayerId="www123" PlayerName="白玉楼剑客" Round=9)
[Debug  :Network Plugin] [客户端] 已发送游戏事件: BattlePlayerHealBroadcast (指纹=0x7a985330fc7b926c, 长度=259, 字段=Timestamp=639053106640482230 PlayerId="www123" PlayerName="白玉楼剑客" Round=9)
[Info   :Network Plugin] [BattlePlayerHeal] BattlePlayerHealBroadcast Actual=3 After HP 77/100 Block 0 Shield 0
[Info   :   Console] [服务器] 收到游戏事件: type=BattlePlayerHealBroadcast, from=Player_0 (指纹=0x7a985330fc7b926c, 长度=259, 字段=Timestamp=639053106640482230 PlayerId="www123" PlayerName="白玉楼剑客" Round=9)
[Info   :   Console] [客户端] 已发送游戏事件: CardStateChanged (指纹=0x31083d69145ef9e5, 长度=557, 字段=Timestamp=639053106644974841 PlayerId="Reimu")
[Debug  :Network Plugin] [客户端] 已发送游戏事件: CardStateChanged (指纹=0x31083d69145ef9e5, 长度=557, 字段=Timestamp=639053106644974841 PlayerId="Reimu")
[Info   :   Console] [服务器] 收到游戏事件: type=CardStateChanged, from=Player_0 (指纹=0x31083d69145ef9e5, 长度=557, 字段=Timestamp=639053106644974841 PlayerId="Reimu")
[Debug  :Network Plugin] [DeathStateManager] All fake death records cleared
[Info   :   Console] [客户端] 已发送游戏事件: RoomStateUpload (指纹=0xfb82b79a666de7b7, 长度=1086, 字段=Timestamp=639052818646686899 Act=1 X=4 Y=2 RoomKey=<已脱敏> RoomVersion=0)
[Debug  :Network Plugin] [客户端] 已发送游戏事件: RoomStateUpload (指纹=0xfb82b79a666de7b7, 长度=1086, 字段=Timestamp=639052818646686899 Act=1 X=4 Y=2 RoomKey=<已脱敏> RoomVersion=0)
[Debug  :Network Plugin] [DeathStateManager] All fake death records cleared
[Debug  :Network Plugin] [GameEventDeathSync] 战斗结束，死亡状态已清理
[Info   :   Console] [服务器] 收到游戏事件: type=RoomStateUpload, from=Player_0 (指纹=0xfb82b79a666de7b7, 长度=1086, 字段=Timestamp=639052818646686899 Act=1 X=4 Y=2 RoomKey=<已脱敏> RoomVersion=0)
[Info   :   Console] [客户端] 已发送请求: UpdatePlayerLocation (指纹=0x8708012ca80f5321, 长度=92, 字段=LocationX=4 LocationY=2 LocationName="EliteEnemy" Stage=1)
[Debug  :Network Plugin] [客户端] 已发送请求: UpdatePlayerLocation (指纹=0x8708012ca80f5321, 长度=92, 字段=LocationX=4 LocationY=2 LocationName="EliteEnemy" Stage=1)
[Info   :Network Plugin] [MapSyncPatch] 已发送位置同步: (4, 2) - EliteEnemy (指纹=0x8708012ca80f5321, 长度=92, 字段=LocationX=4 LocationY=2 LocationName="EliteEnemy" Stage=1)
[Info   :   Console] [客户端] 收到游戏事件: PlayerListUpdate
[Debug  :Network Plugin] [客户端] 收到游戏事件: PlayerListUpdate
[Debug  :Network Plugin] [SyncManager] 接收到网络事件: PlayerListUpdate, 时间戳: 639053106647742316
[Debug  :Network Plugin] [SyncManager] 单个事件应用成功: PlayerListUpdate 来自 remote (时间戳: 2026/1/29 19:11:04)
[Debug  :Network Plugin] [SyncManager] 事件处理成功: PlayerListUpdate, 时间戳: 639053106647742316
[Info   :   Console] [客户端] 已发送游戏事件: OnPlayerStateUpdate (指纹=0x9ce202d24c0993f7, 长度=175, 字段=Timestamp=639053106658106949 PlayerId="Player_0")
[Debug  :Network Plugin] [客户端] 已发送游戏事件: OnPlayerStateUpdate (指纹=0x9ce202d24c0993f7, 长度=175, 字段=Timestamp=639053106658106949 PlayerId="Player_0")
[Info   :   Console] [服务器] 收到游戏事件: type=OnPlayerStateUpdate, from=Player_0 (指纹=0x9ce202d24c0993f7, 长度=175, 字段=Timestamp=639053106658106949 PlayerId="Player_0")
[Debug  :Network Plugin] [ReconnectionManager] Full snapshot created at 639052818818824354
[Info   :   Console] [客户端] 已发送请求: UpdatePlayerLocation (指纹=0x8708012ca80f5321, 长度=92, 字段=LocationX=4 LocationY=2 LocationName="EliteEnemy" Stage=1)
[Debug  :Network Plugin] [客户端] 已发送请求: UpdatePlayerLocation (指纹=0x8708012ca80f5321, 长度=92, 字段=LocationX=4 LocationY=2 LocationName="EliteEnemy" Stage=1)
[Info   :Network Plugin] [MapSyncPatch] 已发送位置同步: (4, 2) - EliteEnemy (指纹=0x8708012ca80f5321, 长度=92, 字段=LocationX=4 LocationY=2 LocationName="EliteEnemy" Stage=1)
[Info   :   Console] [客户端] 收到游戏事件: PlayerListUpdate
[Debug  :Network Plugin] [客户端] 收到游戏事件: PlayerListUpdate
[Debug  :Network Plugin] [SyncManager] 接收到网络事件: PlayerListUpdate, 时间戳: 639053106839329020
[Debug  :Network Plugin] [SyncManager] 单个事件应用成功: PlayerListUpdate 来自 remote (时间戳: 2026/1/29 19:11:23)
[Debug  :Network Plugin] [SyncManager] 事件处理成功: PlayerListUpdate, 时间戳: 639053106839329020
[Debug  :Network Plugin] [ReconnectionManager] Map checkpoint: id=cp00000003:enter_node, at=639052818853250607, reason=enter_node, nodeKey=1:5:0:Select
[Info   :   Console] [客户端] 已发送游戏事件: OnMapNodeEnter (指纹=0x5706f7d9786e72eb, 长度=170, 字段=Timestamp=639052818853255660 PlayerId="Player_0")
[Debug  :Network Plugin] [客户端] 已发送游戏事件: OnMapNodeEnter (指纹=0x5706f7d9786e72eb, 长度=170, 字段=Timestamp=639052818853255660 PlayerId="Player_0")
[Info   :   Console] [客户端] 已发送游戏事件: RoomStateRequest (指纹=0x6dca53e99f95afc4, 长度=127, 字段=Timestamp=639052818853260684 RoomKey=<已脱敏>)
[Debug  :Network Plugin] [客户端] 已发送游戏事件: RoomStateRequest (指纹=0x6dca53e99f95afc4, 长度=127, 字段=Timestamp=639052818853260684 RoomKey=<已脱敏>)
[Info   :   Console] [客户端] 已发送游戏事件: RoomStateResponse (指纹=0x5dd79bc51f1ac50e, 长度=357, 字段=Timestamp=639052818853260684 Act=0 X=0 Y=0 RoomKey=<已脱敏> RoomVersion=0)
[Debug  :Network Plugin] [客户端] 已发送游戏事件: RoomStateResponse (指纹=0x5dd79bc51f1ac50e, 长度=357, 字段=Timestamp=639052818853260684 Act=0 X=0 Y=0 RoomKey=<已脱敏> RoomVersion=0)
[Info   :   Console] [服务器] 收到游戏事件: type=RoomStateRequest, from=Player_0 (指纹=0x6dca53e99f95afc4, 长度=127, 字段=Timestamp=639052818853260684 RoomKey=<已脱敏>)
[Info   :   Console] [服务器] 收到游戏事件: type=RoomStateResponse, from=Player_0 (指纹=0x5dd79bc51f1ac50e, 长度=357, 字段=Timestamp=639052818853260684 Act=0 X=0 Y=0 RoomKey=<已脱敏> RoomVersion=0)
[Info   :   Console] [服务器] 收到游戏事件: type=OnMapNodeEnter, from=Player_0 (指纹=0x5706f7d9786e72eb, 长度=170, 字段=Timestamp=639052818853255660 PlayerId="Player_0")
[Debug  :Network Plugin] [ReconnectionManager] Map checkpoint: id=cp00000004:reward_closed, at=639052818855350328, reason=reward_closed, nodeKey=1:5:0:Select
[Info   :   Console] [客户端] 已发送请求: UpdatePlayerLocation (指纹=0x0fc302b88a1f85bb, 长度=88, 字段=LocationX=5 LocationY=0 LocationName="Select" Stage=1)
[Debug  :Network Plugin] [客户端] 已发送请求: UpdatePlayerLocation (指纹=0x0fc302b88a1f85bb, 长度=88, 字段=LocationX=5 LocationY=0 LocationName="Select" Stage=1)
[Info   :Network Plugin] [MapSyncPatch] 已发送位置同步: (5, 0) - Select (指纹=0x0fc302b88a1f85bb, 长度=88, 字段=LocationX=5 LocationY=0 LocationName="Select" Stage=1)
[Debug  :Network Plugin] [ReconnectionManager] Map checkpoint: id=cp00000005:station_finish, at=639052818905337278, reason=station_finish, nodeKey=1:5:0:Select
[Info   :   Console] [客户端] 收到游戏事件: PlayerListUpdate
[Debug  :Network Plugin] [客户端] 收到游戏事件: PlayerListUpdate
[Debug  :Network Plugin] [SyncManager] 接收到网络事件: PlayerListUpdate, 时间戳: 639053106905829418
[Debug  :Network Plugin] [SyncManager] 单个事件应用成功: PlayerListUpdate 来自 remote (时间戳: 2026/1/29 19:11:30)
[Debug  :Network Plugin] [SyncManager] 事件处理成功: PlayerListUpdate, 时间戳: 639053106905829418
[Debug  :Network Plugin] [ReconnectionManager] Map checkpoint: id=cp00000006:enter_node, at=639052818951909641, reason=enter_node, nodeKey=2:6:3:Adventure
[Info   :   Console] [客户端] 已发送游戏事件: OnMapNodeEnter (指纹=0xe4d9c8348d38a3d9, 长度=173, 字段=Timestamp=639052818951921761 PlayerId="Player_0")
[Debug  :Network Plugin] [客户端] 已发送游戏事件: OnMapNodeEnter (指纹=0xe4d9c8348d38a3d9, 长度=173, 字段=Timestamp=639052818951921761 PlayerId="Player_0")
[Info   :   Console] [客户端] 已发送游戏事件: RoomStateRequest (指纹=0x73dc3bd44365e954, 长度=130, 字段=Timestamp=639052818951921761 RoomKey=<已脱敏>)
[Debug  :Network Plugin] [客户端] 已发送游戏事件: RoomStateRequest (指纹=0x73dc3bd44365e954, 长度=130, 字段=Timestamp=639052818951921761 RoomKey=<已脱敏>)
[Info   :   Console] [客户端] 已发送游戏事件: RoomStateResponse (指纹=0xf528ae6cc1a7f622, 长度=360, 字段=Timestamp=639052818951931784 Act=0 X=0 Y=0 RoomKey=<已脱敏> RoomVersion=0)
[Debug  :Network Plugin] [客户端] 已发送游戏事件: RoomStateResponse (指纹=0xf528ae6cc1a7f622, 长度=360, 字段=Timestamp=639052818951931784 Act=0 X=0 Y=0 RoomKey=<已脱敏> RoomVersion=0)
[Info   :   Console] [服务器] 收到游戏事件: type=RoomStateRequest, from=Player_0 (指纹=0x73dc3bd44365e954, 长度=130, 字段=Timestamp=639052818951921761 RoomKey=<已脱敏>)
[Info   :   Console] [服务器] 收到游戏事件: type=RoomStateResponse, from=Player_0 (指纹=0xf528ae6cc1a7f622, 长度=360, 字段=Timestamp=639052818951931784 Act=0 X=0 Y=0 RoomKey=<已脱敏> RoomVersion=0)
[Info   :   Console] [服务器] 收到游戏事件: type=OnMapNodeEnter, from=Player_0 (指纹=0xe4d9c8348d38a3d9, 长度=173, 字段=Timestamp=639052818951921761 PlayerId="Player_0")
[Info   :   Console] [客户端] 已发送请求: UpdatePlayerLocation (指纹=0x5b9593e19d2110d8, 长度=91, 字段=LocationX=6 LocationY=3 LocationName="Adventure" Stage=2)
[Debug  :Network Plugin] [客户端] 已发送请求: UpdatePlayerLocation (指纹=0x5b9593e19d2110d8, 长度=91, 字段=LocationX=6 LocationY=3 LocationName="Adventure" Stage=2)
[Info   :Network Plugin] [MapSyncPatch] 已发送位置同步: (6, 3) - Adventure (指纹=0x5b9593e19d2110d8, 长度=91, 字段=LocationX=6 LocationY=3 LocationName="Adventure" Stage=2)
[Debug  :Network Plugin] [ReconnectionManager] Map checkpoint: id=cp00000007:station_finish, at=639052818999113034, reason=station_finish, nodeKey=2:6:3:Adventure
[Info   :   Console] [客户端] 收到游戏事件: PlayerListUpdate
[Debug  :Network Plugin] [客户端] 收到游戏事件: PlayerListUpdate
[Debug  :Network Plugin] [SyncManager] 接收到网络事件: PlayerListUpdate, 时间戳: 639053106999406474
[Debug  :Network Plugin] [SyncManager] 单个事件应用成功: PlayerListUpdate 来自 remote (时间戳: 2026/1/29 19:11:39)
[Debug  :Network Plugin] [SyncManager] 事件处理成功: PlayerListUpdate, 时间戳: 639053106999406474
[Debug  :Network Plugin] [ReconnectionManager] Map checkpoint: id=cp00000008:enter_node, at=639052819021801709, reason=enter_node, nodeKey=2:7:3:Enemy
[Info   :   Console] [客户端] 已发送游戏事件: OnMapNodeEnter (指纹=0x042d4d1561c6afcc, 长度=169, 字段=Timestamp=639052819021812541 PlayerId="Player_0")
[Debug  :Network Plugin] [客户端] 已发送游戏事件: OnMapNodeEnter (指纹=0x042d4d1561c6afcc, 长度=169, 字段=Timestamp=639052819021812541 PlayerId="Player_0")
[Info   :   Console] [客户端] 已发送游戏事件: RoomStateRequest (指纹=0x305cd74c3479c433, 长度=126, 字段=Timestamp=639052819021812541 RoomKey=<已脱敏>)
[Debug  :Network Plugin] [客户端] 已发送游戏事件: RoomStateRequest (指纹=0x305cd74c3479c433, 长度=126, 字段=Timestamp=639052819021812541 RoomKey=<已脱敏>)
[Info   :   Console] [客户端] 已发送游戏事件: RoomStateResponse (指纹=0x71a4d709fe3d6b83, 长度=356, 字段=Timestamp=639052819021823035 Act=0 X=0 Y=0 RoomKey=<已脱敏> RoomVersion=0)
[Debug  :Network Plugin] [客户端] 已发送游戏事件: RoomStateResponse (指纹=0x71a4d709fe3d6b83, 长度=356, 字段=Timestamp=639052819021823035 Act=0 X=0 Y=0 RoomKey=<已脱敏> RoomVersion=0)
[Info   :   Console] [服务器] 收到游戏事件: type=RoomStateRequest, from=Player_0 (指纹=0x305cd74c3479c433, 长度=126, 字段=Timestamp=639052819021812541 RoomKey=<已脱敏>)
[Info   :   Console] [服务器] 收到游戏事件: type=RoomStateResponse, from=Player_0 (指纹=0x71a4d709fe3d6b83, 长度=356, 字段=Timestamp=639052819021823035 Act=0 X=0 Y=0 RoomKey=<已脱敏> RoomVersion=0)
[Info   :   Console] [服务器] 收到游戏事件: type=OnMapNodeEnter, from=Player_0 (指纹=0x042d4d1561c6afcc, 长度=169, 字段=Timestamp=639052819021812541 PlayerId="Player_0")
[Debug  :Network Plugin] [DeathStateManager] All fake death records cleared
[Debug  :Network Plugin] [GameEventDeathSync] 战斗开始，死亡状态已重置
[Info   :   Console] [客户端] 已发送游戏事件: RoomStateUpload (指纹=0xa611b800e57d9be5, 长度=1107, 字段=Timestamp=639052819029014827 Act=2 X=7 Y=3 RoomKey=<已脱敏> RoomVersion=0)
[Debug  :Network Plugin] [客户端] 已发送游戏事件: RoomStateUpload (指纹=0xa611b800e57d9be5, 长度=1107, 字段=Timestamp=639052819029014827 Act=2 X=7 Y=3 RoomKey=<已脱敏> RoomVersion=0)
[Info   :   Console] [服务器] 收到游戏事件: type=RoomStateUpload, from=Player_0 (指纹=0xa611b800e57d9be5, 长度=1107, 字段=Timestamp=639052819029014827 Act=2 X=7 Y=3 RoomKey=<已脱敏> RoomVersion=0)
[Info   :   Console] [客户端] 已发送游戏事件: OnPlayerStateUpdate (指纹=0x0d8e78e2d1b5abad, 长度=234, 字段=Timestamp=639053107039400967 PlayerId="Player_0")
[Debug  :Network Plugin] [客户端] 已发送游戏事件: OnPlayerStateUpdate (指纹=0x0d8e78e2d1b5abad, 长度=234, 字段=Timestamp=639053107039400967 PlayerId="Player_0")
[Info   :   Console] [客户端] 已发送游戏事件: BattlePlayerStatusEffectsDeltaBroadcast (指纹=0xeeff00f0197cdb96, 长度=350, 字段=Timestamp=639053107039501257 PlayerId="www123" PlayerName="白玉楼剑客" Round=0)
[Debug  :Network Plugin] [客户端] 已发送游戏事件: BattlePlayerStatusEffectsDeltaBroadcast (指纹=0xeeff00f0197cdb96, 长度=350, 字段=Timestamp=639053107039501257 PlayerId="www123" PlayerName="白玉楼剑客" Round=0)
[Info   :   Console] [客户端] 已发送游戏事件: BattlePlayerStatusEffectsFullBroadcast (指纹=0xe1c6645ef6bfe6e7, 长度=247, 字段=Timestamp=639053107039511282 PlayerId="www123" PlayerName="白玉楼剑客" Round=0)
[Debug  :Network Plugin] [客户端] 已发送游戏事件: BattlePlayerStatusEffectsFullBroadcast (指纹=0xe1c6645ef6bfe6e7, 长度=247, 字段=Timestamp=639053107039511282 PlayerId="www123" PlayerName="白玉楼剑客" Round=0)
[Info   :   Console] [服务器] 收到游戏事件: type=OnPlayerStateUpdate, from=Player_0 (指纹=0x0d8e78e2d1b5abad, 长度=234, 字段=Timestamp=639053107039400967 PlayerId="Player_0")
[Info   :   Console] [服务器] 收到游戏事件: type=BattlePlayerStatusEffectsDeltaBroadcast, from=Player_0 (指纹=0xeeff00f0197cdb96, 长度=350, 字段=Timestamp=639053107039501257 PlayerId="www123" PlayerName="白玉楼剑客" Round=0)
[Info   :   Console] [服务器] 收到游戏事件: type=BattlePlayerStatusEffectsFullBroadcast, from=Player_0 (指纹=0xe1c6645ef6bfe6e7, 长度=247, 字段=Timestamp=639053107039511282 PlayerId="www123" PlayerName="白玉楼剑客" Round=0)
[Info   :   Console] [客户端] 已发送请求: BattleEnemyIntentChanged (指纹=0x85bbe842fd438c4f, 长度=456, 字段=Timestamp=639053107039918818 Round=1)
[Debug  :Network Plugin] [客户端] 已发送请求: BattleEnemyIntentChanged (指纹=0x85bbe842fd438c4f, 长度=456, 字段=Timestamp=639053107039918818 Round=1)
[Debug  :Network Plugin] [EnemyIntentSync] Intentions updated. Enemy=蓝怨灵 RootIndex=0 Round=1 EOT=True
[Info   :   Console] [客户端] 已发送请求: BattleEnemyIntentChanged (指纹=0x9d890443dcfff0ae, 长度=458, 字段=Timestamp=639053107039918818 Round=1)
[Debug  :Network Plugin] [客户端] 已发送请求: BattleEnemyIntentChanged (指纹=0x9d890443dcfff0ae, 长度=458, 字段=Timestamp=639053107039918818 Round=1)
[Debug  :Network Plugin] [EnemyIntentSync] Intentions updated. Enemy=绿怨灵 RootIndex=1 Round=1 EOT=True
[Info   :   Console] [客户端] 已发送请求: BattleEnemyIntentChanged (指纹=0xa41a8e9448ab246c, 长度=453, 字段=Timestamp=639053107039933895 Round=1)
[Debug  :Network Plugin] [客户端] 已发送请求: BattleEnemyIntentChanged (指纹=0xa41a8e9448ab246c, 长度=453, 字段=Timestamp=639053107039933895 Round=1)
[Debug  :Network Plugin] [EnemyIntentSync] Intentions updated. Enemy=病弱少女 RootIndex=2 Round=1 EOT=True
[Info   :   Console] [服务器] 收到游戏事件: type=BattleEnemyIntentChanged, from=Player_0 (指纹=0x85bbe842fd438c4f, 长度=456, 字段=Timestamp=639053107039918818 Round=1)
[Info   :   Console] [服务器] 收到游戏事件: type=BattleEnemyIntentChanged, from=Player_0 (指纹=0x9d890443dcfff0ae, 长度=458, 字段=Timestamp=639053107039918818 Round=1)
[Info   :   Console] [服务器] 收到游戏事件: type=BattleEnemyIntentChanged, from=Player_0 (指纹=0xa41a8e9448ab246c, 长度=453, 字段=Timestamp=639053107039933895 Round=1)
[Info   :   Console] [客户端] 已发送游戏事件: ManaRegain (指纹=0xae6bb120d1b413b7, 长度=616, 字段=Timestamp=639053107051396805 PlayerId="Reimu")
[Debug  :Network Plugin] [客户端] 已发送游戏事件: ManaRegain (指纹=0xae6bb120d1b413b7, 长度=616, 字段=Timestamp=639053107051396805 PlayerId="Reimu")
[Info   :   Console] [服务器] 收到游戏事件: type=ManaRegain, from=Player_0 (指纹=0xae6bb120d1b413b7, 长度=616, 字段=Timestamp=639053107051396805 PlayerId="Reimu")
[Debug  :Network Plugin] [ReconnectionManager] Full snapshot created at 639052819118821050
[Info   :   Console] [客户端] 已发送游戏事件: ManaConsumeStarted (指纹=0xe1ed3b43fb460ea3, 长度=499, 字段=Timestamp=639053107253649859 PlayerId="Reimu")
[Debug  :Network Plugin] [客户端] 已发送游戏事件: ManaConsumeStarted (指纹=0xe1ed3b43fb460ea3, 长度=499, 字段=Timestamp=639053107253649859 PlayerId="Reimu")
[Info   :   Console] [客户端] 已发送游戏事件: ManaConsumeCompleted (指纹=0xcd1651a5ade53bd4, 长度=500, 字段=Timestamp=639053107253670136 PlayerId="Reimu")
[Debug  :Network Plugin] [客户端] 已发送游戏事件: ManaConsumeCompleted (指纹=0xcd1651a5ade53bd4, 长度=500, 字段=Timestamp=639053107253670136 PlayerId="Reimu")
[Info   :   Console] [服务器] 收到游戏事件: type=ManaConsumeStarted, from=Player_0 (指纹=0xe1ed3b43fb460ea3, 长度=499, 字段=Timestamp=639053107253649859 PlayerId="Reimu")
[Info   :   Console] [服务器] 收到游戏事件: type=ManaConsumeCompleted, from=Player_0 (指纹=0xcd1651a5ade53bd4, 长度=500, 字段=Timestamp=639053107253670136 PlayerId="Reimu")
[Info   :   Console] [客户端] 已发送游戏事件: OnPlayerStateUpdate (指纹=0x26fac869e7030989, 长度=333, 字段=Timestamp=639053107255149585 PlayerId="Player_0" Round=1)
[Debug  :Network Plugin] [客户端] 已发送游戏事件: OnPlayerStateUpdate (指纹=0x26fac869e7030989, 长度=333, 字段=Timestamp=639053107255149585 PlayerId="Player_0" Round=1)
[Info   :   Console] [服务器] 收到游戏事件: type=OnPlayerStateUpdate, from=Player_0 (指纹=0x26fac869e7030989, 长度=333, 字段=Timestamp=639053107255149585 PlayerId="Player_0" Round=1)
[Info   :   Console] [客户端] 已发送游戏事件: CardStateChanged (指纹=0x9204b3b96c0da7fe, 长度=545, 字段=Timestamp=639053107258349668 PlayerId="Reimu")
[Debug  :Network Plugin] [客户端] 已发送游戏事件: CardStateChanged (指纹=0x9204b3b96c0da7fe, 长度=545, 字段=Timestamp=639053107258349668 PlayerId="Reimu")
[Info   :   Console] [服务器] 收到游戏事件: type=CardStateChanged, from=Player_0 (指纹=0x9204b3b96c0da7fe, 长度=545, 字段=Timestamp=639053107258349668 PlayerId="Reimu")
[Info   :   Console] [客户端] 已发送游戏事件: ManaConsumeStarted (指纹=0x0d202d845bbc8a52, 长度=499, 字段=Timestamp=639053107310337360 PlayerId="Reimu")
[Debug  :Network Plugin] [客户端] 已发送游戏事件: ManaConsumeStarted (指纹=0x0d202d845bbc8a52, 长度=499, 字段=Timestamp=639053107310337360 PlayerId="Reimu")
[Info   :   Console] [客户端] 已发送游戏事件: ManaConsumeCompleted (指纹=0x12aabae0171bc5cd, 长度=500, 字段=Timestamp=639053107310352446 PlayerId="Reimu")
[Debug  :Network Plugin] [客户端] 已发送游戏事件: ManaConsumeCompleted (指纹=0x12aabae0171bc5cd, 长度=500, 字段=Timestamp=639053107310352446 PlayerId="Reimu")
[Info   :   Console] [服务器] 收到游戏事件: type=ManaConsumeStarted, from=Player_0 (指纹=0x0d202d845bbc8a52, 长度=499, 字段=Timestamp=639053107310337360 PlayerId="Reimu")
[Info   :   Console] [服务器] 收到游戏事件: type=ManaConsumeCompleted, from=Player_0 (指纹=0x12aabae0171bc5cd, 长度=500, 字段=Timestamp=639053107310352446 PlayerId="Reimu")
[Info   :   Console] [客户端] 已发送游戏事件: BattlePlayerDamageBroadcast (指纹=0x01159b73567bd43e, 长度=432, 字段=Timestamp=639053107312436303 PlayerId="www123" PlayerName="白玉楼剑客" Round=1)
[Debug  :Network Plugin] [客户端] 已发送游戏事件: BattlePlayerDamageBroadcast (指纹=0x01159b73567bd43e, 长度=432, 字段=Timestamp=639053107312436303 PlayerId="www123" PlayerName="白玉楼剑客" Round=1)
[Info   :Network Plugin] [BattlePlayerDamage] BattlePlayerDamageBroadcast Total=2.0 (HP: 2.0, Block: 0.0, Shield: 0.0). Remaining HP: 78/103
[Info   :   Console] [服务器] 收到游戏事件: type=BattlePlayerDamageBroadcast, from=Player_0 (指纹=0x01159b73567bd43e, 长度=432, 字段=Timestamp=639053107312436303 PlayerId="www123" PlayerName="白玉楼剑客" Round=1)
[Info   :   Console] [客户端] 已发送游戏事件: BattlePlayerStatusEffectsDeltaBroadcast (指纹=0xcaad4b72c6df4e54, 长度=327, 字段=Timestamp=639053107327136669 PlayerId="www123" PlayerName="白玉楼剑客" Round=1)
[Debug  :Network Plugin] [客户端] 已发送游戏事件: BattlePlayerStatusEffectsDeltaBroadcast (指纹=0xcaad4b72c6df4e54, 长度=327, 字段=Timestamp=639053107327136669 PlayerId="www123" PlayerName="白玉楼剑客" Round=1)
[Info   :   Console] [服务器] 收到游戏事件: type=BattlePlayerStatusEffectsDeltaBroadcast, from=Player_0 (指纹=0xcaad4b72c6df4e54, 长度=327, 字段=Timestamp=639053107327136669 PlayerId="www123" PlayerName="白玉楼剑客" Round=1)
[Info   :   Console] [客户端] 已发送游戏事件: BattlePlayerHealBroadcast (指纹=0x58c91a56b11be916, 长度=260, 字段=Timestamp=639053107327528505 PlayerId="www123" PlayerName="白玉楼剑客" Round=1)
[Debug  :Network Plugin] [客户端] 已发送游戏事件: BattlePlayerHealBroadcast (指纹=0x58c91a56b11be916, 长度=260, 字段=Timestamp=639053107327528505 PlayerId="www123" PlayerName="白玉楼剑客" Round=1)
[Info   :Network Plugin] [BattlePlayerHeal] BattlePlayerHealBroadcast Actual=3 After HP 81/103 Block 10 Shield 0
[Info   :   Console] [服务器] 收到游戏事件: type=BattlePlayerHealBroadcast, from=Player_0 (指纹=0x58c91a56b11be916, 长度=260, 字段=Timestamp=639053107327528505 PlayerId="www123" PlayerName="白玉楼剑客" Round=1)
[Info   :   Console] [客户端] 已发送游戏事件: BattlePlayerDamageBroadcast (指纹=0xb6cf73b1e3f82927, 长度=441, 字段=Timestamp=639053107328842573 PlayerId="www123" PlayerName="白玉楼剑客" Round=1)
[Debug  :Network Plugin] [客户端] 已发送游戏事件: BattlePlayerDamageBroadcast (指纹=0xb6cf73b1e3f82927, 长度=441, 字段=Timestamp=639053107328842573 PlayerId="www123" PlayerName="白玉楼剑客" Round=1)
[Info   :Network Plugin] [BattlePlayerDamage] BattlePlayerDamageBroadcast Total=8.0 (HP: 0.0, Block: 8.0, Shield: 0.0). Remaining HP: 81/103
[Info   :   Console] [服务器] 收到游戏事件: type=BattlePlayerDamageBroadcast, from=Player_0 (指纹=0xb6cf73b1e3f82927, 长度=441, 字段=Timestamp=639053107328842573 PlayerId="www123" PlayerName="白玉楼剑客" Round=1)
[Info   :   Console] [客户端] 已发送游戏事件: CardStateChanged (指纹=0xe8caa304b1714ced, 长度=555, 字段=Timestamp=639053107341436939 PlayerId="Reimu")
[Debug  :Network Plugin] [客户端] 已发送游戏事件: CardStateChanged (指纹=0xe8caa304b1714ced, 长度=555, 字段=Timestamp=639053107341436939 PlayerId="Reimu")
[Info   :   Console] [服务器] 收到游戏事件: type=CardStateChanged, from=Player_0 (指纹=0xe8caa304b1714ced, 长度=555, 字段=Timestamp=639053107341436939 PlayerId="Reimu")
[Info   :   Console] [客户端] 已发送游戏事件: ManaConsumeStarted (指纹=0xa6d3995294e6fd8e, 长度=499, 字段=Timestamp=639053107358920485 PlayerId="Reimu")
[Debug  :Network Plugin] [客户端] 已发送游戏事件: ManaConsumeStarted (指纹=0xa6d3995294e6fd8e, 长度=499, 字段=Timestamp=639053107358920485 PlayerId="Reimu")
[Info   :   Console] [客户端] 已发送游戏事件: ManaConsumeCompleted (指纹=0x28758358927b888a, 长度=500, 字段=Timestamp=639053107358934544 PlayerId="Reimu")
[Debug  :Network Plugin] [客户端] 已发送游戏事件: ManaConsumeCompleted (指纹=0x28758358927b888a, 长度=500, 字段=Timestamp=639053107358934544 PlayerId="Reimu")
[Info   :   Console] [服务器] 收到游戏事件: type=ManaConsumeStarted, from=Player_0 (指纹=0xa6d3995294e6fd8e, 长度=499, 字段=Timestamp=639053107358920485 PlayerId="Reimu")
[Info   :   Console] [服务器] 收到游戏事件: type=ManaConsumeCompleted, from=Player_0 (指纹=0x28758358927b888a, 长度=500, 字段=Timestamp=639053107358934544 PlayerId="Reimu")
[Info   :   Console] [客户端] 已发送游戏事件: CardStateChanged (指纹=0x2545fa2aa3016c6d, 长度=515, 字段=Timestamp=639053107366131482 PlayerId="Reimu")
[Debug  :Network Plugin] [客户端] 已发送游戏事件: CardStateChanged (指纹=0x2545fa2aa3016c6d, 长度=515, 字段=Timestamp=639053107366131482 PlayerId="Reimu")
[Info   :   Console] [服务器] 收到游戏事件: type=CardStateChanged, from=Player_0 (指纹=0x2545fa2aa3016c6d, 长度=515, 字段=Timestamp=639053107366131482 PlayerId="Reimu")
[Info   :   Console] [客户端] 已发送游戏事件: EndTurnRequest (指纹=0x0f0dd8bd78d26907, 长度=92, 字段=Timestamp=639053107370623836 PlayerId="Player_0" Round=1)
[Debug  :Network Plugin] [客户端] 已发送游戏事件: EndTurnRequest (指纹=0x0f0dd8bd78d26907, 长度=92, 字段=Timestamp=639053107370623836 PlayerId="Player_0" Round=1)
[Info   :   Console] [客户端] 已发送游戏事件: EndTurnStatus (指纹=0xf4bd656d2e522ffc, 长度=105, 字段=Timestamp=639053107370639915 PlayerId="Player_0" Round=1)
[Debug  :Network Plugin] [客户端] 已发送游戏事件: EndTurnStatus (指纹=0xf4bd656d2e522ffc, 长度=105, 字段=Timestamp=639053107370639915 PlayerId="Player_0" Round=1)
[Info   :   Console] [客户端] 已发送游戏事件: EndTurnConfirm (指纹=0x5000a412e5b2f7f3, 长度=86, 字段=Timestamp=639053107370639915 Round=1)
[Debug  :Network Plugin] [客户端] 已发送游戏事件: EndTurnConfirm (指纹=0x5000a412e5b2f7f3, 长度=86, 字段=Timestamp=639053107370639915 Round=1)
[Info   :   Console] [客户端] 已发送游戏事件: RoomStateUpload (指纹=0x7fef68dfe9b70d61, 长度=1107, 字段=Timestamp=639052819370639915 Act=2 X=7 Y=3 RoomKey=<已脱敏> RoomVersion=0)
[Debug  :Network Plugin] [客户端] 已发送游戏事件: RoomStateUpload (指纹=0x7fef68dfe9b70d61, 长度=1107, 字段=Timestamp=639052819370639915 Act=2 X=7 Y=3 RoomKey=<已脱敏> RoomVersion=0)
[Info   :   Console] [客户端] 已发送游戏事件: RoomStateUpload (指纹=0xa87247efdfb57b93, 长度=1107, 字段=Timestamp=639052819370649910 Act=2 X=7 Y=3 RoomKey=<已脱敏> RoomVersion=0)
[Debug  :Network Plugin] [客户端] 已发送游戏事件: RoomStateUpload (指纹=0xa87247efdfb57b93, 长度=1107, 字段=Timestamp=639052819370649910 Act=2 X=7 Y=3 RoomKey=<已脱敏> RoomVersion=0)
[Info   :   Console] [服务器] 收到游戏事件: type=RoomStateUpload, from=Player_0 (指纹=0x7fef68dfe9b70d61, 长度=1107, 字段=Timestamp=639052819370639915 Act=2 X=7 Y=3 RoomKey=<已脱敏> RoomVersion=0)
[Info   :   Console] [服务器] 收到游戏事件: type=RoomStateUpload, from=Player_0 (指纹=0xa87247efdfb57b93, 长度=1107, 字段=Timestamp=639052819370649910 Act=2 X=7 Y=3 RoomKey=<已脱敏> RoomVersion=0)
[Info   :   Console] [服务器] 收到游戏事件: type=EndTurnRequest, from=Player_0 (指纹=0x0f0dd8bd78d26907, 长度=92, 字段=Timestamp=639053107370623836 PlayerId="Player_0" Round=1)
[Info   :   Console] [服务器] 收到游戏事件: type=EndTurnStatus, from=Player_0 (指纹=0xf4bd656d2e522ffc, 长度=105, 字段=Timestamp=639053107370639915 PlayerId="Player_0" Round=1)
[Info   :   Console] [服务器] 收到游戏事件: type=EndTurnConfirm, from=Player_0 (指纹=0x5000a412e5b2f7f3, 长度=86, 字段=Timestamp=639053107370639915 Round=1)
[Info   :   Console] [客户端] 已发送游戏事件: CardStateChanged (指纹=0x7669b780c00f0453, 长度=541, 字段=Timestamp=639053107372626507 PlayerId="Reimu")
[Debug  :Network Plugin] [客户端] 已发送游戏事件: CardStateChanged (指纹=0x7669b780c00f0453, 长度=541, 字段=Timestamp=639053107372626507 PlayerId="Reimu")
[Info   :   Console] [服务器] 收到游戏事件: type=CardStateChanged, from=Player_0 (指纹=0x7669b780c00f0453, 长度=541, 字段=Timestamp=639053107372626507 PlayerId="Reimu")
[Info   :   Console] [客户端] 已发送游戏事件: CardStateChanged (指纹=0x3d86b5e6ec95a719, 长度=537, 字段=Timestamp=639053107373425426 PlayerId="Reimu")
[Debug  :Network Plugin] [客户端] 已发送游戏事件: CardStateChanged (指纹=0x3d86b5e6ec95a719, 长度=537, 字段=Timestamp=639053107373425426 PlayerId="Reimu")
[Info   :   Console] [服务器] 收到游戏事件: type=CardStateChanged, from=Player_0 (指纹=0x3d86b5e6ec95a719, 长度=537, 字段=Timestamp=639053107373425426 PlayerId="Reimu")
[Info   :   Console] [客户端] 已发送游戏事件: BattlePlayerDamageBroadcast (指纹=0x143352ff480ff399, 长度=434, 字段=Timestamp=639053107386524921 PlayerId="www123" PlayerName="白玉楼剑客" Round=1)
[Debug  :Network Plugin] [客户端] 已发送游戏事件: BattlePlayerDamageBroadcast (指纹=0x143352ff480ff399, 长度=434, 字段=Timestamp=639053107386524921 PlayerId="www123" PlayerName="白玉楼剑客" Round=1)
[Info   :Network Plugin] [BattlePlayerDamage] BattlePlayerDamageBroadcast Total=10.0 (HP: 8.0, Block: 2.0, Shield: 0.0). Remaining HP: 73/103
[Info   :   Console] [服务器] 收到游戏事件: type=BattlePlayerDamageBroadcast, from=Player_0 (指纹=0x143352ff480ff399, 长度=434, 字段=Timestamp=639053107386524921 PlayerId="www123" PlayerName="白玉楼剑客" Round=1)
[Info   :   Console] [客户端] 已发送游戏事件: BattlePlayerDamageBroadcast (指纹=0x163451c807373d26, 长度=429, 字段=Timestamp=639053107395326671 PlayerId="www123" PlayerName="白玉楼剑客" Round=1)
[Debug  :Network Plugin] [客户端] 已发送游戏事件: BattlePlayerDamageBroadcast (指纹=0x163451c807373d26, 长度=429, 字段=Timestamp=639053107395326671 PlayerId="www123" PlayerName="白玉楼剑客" Round=1)
[Info   :Network Plugin] [BattlePlayerDamage] BattlePlayerDamageBroadcast Total=9.0 (HP: 9.0, Block: 0.0, Shield: 0.0). Remaining HP: 64/103
[Info   :   Console] [服务器] 收到游戏事件: type=BattlePlayerDamageBroadcast, from=Player_0 (指纹=0x163451c807373d26, 长度=429, 字段=Timestamp=639053107395326671 PlayerId="www123" PlayerName="白玉楼剑客" Round=1)
[Info   :   Console] [客户端] 已发送请求: BattleEnemyIntentChanged (指纹=0xdb546aa9b50f9ca7, 长度=455, 字段=Timestamp=639053107403723105 Round=2)
[Debug  :Network Plugin] [客户端] 已发送请求: BattleEnemyIntentChanged (指纹=0xdb546aa9b50f9ca7, 长度=455, 字段=Timestamp=639053107403723105 Round=2)
[Debug  :Network Plugin] [EnemyIntentSync] Intentions updated. Enemy=蓝怨灵 RootIndex=0 Round=2 EOT=True
[Info   :   Console] [客户端] 已发送请求: BattleEnemyIntentChanged (指纹=0xc9afeccde2b5d928, 长度=378, 字段=Timestamp=639053107403743532 Round=2)
[Debug  :Network Plugin] [客户端] 已发送请求: BattleEnemyIntentChanged (指纹=0xc9afeccde2b5d928, 长度=378, 字段=Timestamp=639053107403743532 Round=2)
[Debug  :Network Plugin] [EnemyIntentSync] Intentions updated. Enemy=病弱少女 RootIndex=2 Round=2 EOT=True
[Info   :   Console] [服务器] 收到游戏事件: type=BattleEnemyIntentChanged, from=Player_0 (指纹=0xdb546aa9b50f9ca7, 长度=455, 字段=Timestamp=639053107403723105 Round=2)
[Info   :   Console] [服务器] 收到游戏事件: type=BattleEnemyIntentChanged, from=Player_0 (指纹=0xc9afeccde2b5d928, 长度=378, 字段=Timestamp=639053107403743532 Round=2)
[Info   :   Console] [客户端] 已发送游戏事件: ManaRegain (指纹=0x90d06fc8387015d0, 长度=616, 字段=Timestamp=639053107414912672 PlayerId="Reimu")
[Debug  :Network Plugin] [客户端] 已发送游戏事件: ManaRegain (指纹=0x90d06fc8387015d0, 长度=616, 字段=Timestamp=639053107414912672 PlayerId="Reimu")
[Info   :   Console] [服务器] 收到游戏事件: type=ManaRegain, from=Player_0 (指纹=0x90d06fc8387015d0, 长度=616, 字段=Timestamp=639053107414912672 PlayerId="Reimu")
[Debug  :Network Plugin] [ReconnectionManager] Full snapshot created at 639052819418820159
[Info   :   Console] [客户端] 已发送游戏事件: ManaConsumeStarted (指纹=0x3f7358646cd93315, 长度=499, 字段=Timestamp=639053107443912570 PlayerId="Reimu")
[Debug  :Network Plugin] [客户端] 已发送游戏事件: ManaConsumeStarted (指纹=0x3f7358646cd93315, 长度=499, 字段=Timestamp=639053107443912570 PlayerId="Reimu")
[Info   :   Console] [客户端] 已发送游戏事件: ManaConsumeCompleted (指纹=0xd93f6f44933eb660, 长度=500, 字段=Timestamp=639053107443922559 PlayerId="Reimu")
[Debug  :Network Plugin] [客户端] 已发送游戏事件: ManaConsumeCompleted (指纹=0xd93f6f44933eb660, 长度=500, 字段=Timestamp=639053107443922559 PlayerId="Reimu")
[Info   :   Console] [服务器] 收到游戏事件: type=ManaConsumeStarted, from=Player_0 (指纹=0x3f7358646cd93315, 长度=499, 字段=Timestamp=639053107443912570 PlayerId="Reimu")
[Info   :   Console] [服务器] 收到游戏事件: type=ManaConsumeCompleted, from=Player_0 (指纹=0xd93f6f44933eb660, 长度=500, 字段=Timestamp=639053107443922559 PlayerId="Reimu")
[Info   :   Console] [客户端] 已发送游戏事件: CardStateChanged (指纹=0xfcdd18da5f1f16f7, 长度=557, 字段=Timestamp=639053107457615161 PlayerId="Reimu")
[Debug  :Network Plugin] [客户端] 已发送游戏事件: CardStateChanged (指纹=0xfcdd18da5f1f16f7, 长度=557, 字段=Timestamp=639053107457615161 PlayerId="Reimu")
[Info   :   Console] [服务器] 收到游戏事件: type=CardStateChanged, from=Player_0 (指纹=0xfcdd18da5f1f16f7, 长度=557, 字段=Timestamp=639053107457615161 PlayerId="Reimu")
[Info   :   Console] [客户端] 已发送游戏事件: ManaConsumeStarted (指纹=0x5e6d2f113707aac0, 长度=499, 字段=Timestamp=639053107460218311 PlayerId="Reimu")
[Debug  :Network Plugin] [客户端] 已发送游戏事件: ManaConsumeStarted (指纹=0x5e6d2f113707aac0, 长度=499, 字段=Timestamp=639053107460218311 PlayerId="Reimu")
[Info   :   Console] [客户端] 已发送游戏事件: ManaConsumeCompleted (指纹=0xe95b58c66abedb69, 长度=500, 字段=Timestamp=639053107460218311 PlayerId="Reimu")
[Debug  :Network Plugin] [客户端] 已发送游戏事件: ManaConsumeCompleted (指纹=0xe95b58c66abedb69, 长度=500, 字段=Timestamp=639053107460218311 PlayerId="Reimu")
[Info   :   Console] [服务器] 收到游戏事件: type=ManaConsumeStarted, from=Player_0 (指纹=0x5e6d2f113707aac0, 长度=499, 字段=Timestamp=639053107460218311 PlayerId="Reimu")
[Info   :   Console] [服务器] 收到游戏事件: type=ManaConsumeCompleted, from=Player_0 (指纹=0xe95b58c66abedb69, 长度=500, 字段=Timestamp=639053107460218311 PlayerId="Reimu")
[Info   :   Console] [客户端] 已发送游戏事件: BattlePlayerStatusEffectsDeltaBroadcast (指纹=0x655bef4206457d74, 长度=322, 字段=Timestamp=639053107467315135 PlayerId="www123" PlayerName="白玉楼剑客" Round=2)
[Debug  :Network Plugin] [客户端] 已发送游戏事件: BattlePlayerStatusEffectsDeltaBroadcast (指纹=0x655bef4206457d74, 长度=322, 字段=Timestamp=639053107467315135 PlayerId="www123" PlayerName="白玉楼剑客" Round=2)
[Info   :   Console] [服务器] 收到游戏事件: type=BattlePlayerStatusEffectsDeltaBroadcast, from=Player_0 (指纹=0x655bef4206457d74, 长度=322, 字段=Timestamp=639053107467315135 PlayerId="www123" PlayerName="白玉楼剑客" Round=2)
[Info   :   Console] [客户端] 已发送游戏事件: BattlePlayerHealBroadcast (指纹=0x72763c38e3f1cdf8, 长度=259, 字段=Timestamp=639053107478316574 PlayerId="www123" PlayerName="白玉楼剑客" Round=2)
[Debug  :Network Plugin] [客户端] 已发送游戏事件: BattlePlayerHealBroadcast (指纹=0x72763c38e3f1cdf8, 长度=259, 字段=Timestamp=639053107478316574 PlayerId="www123" PlayerName="白玉楼剑客" Round=2)
[Info   :Network Plugin] [BattlePlayerHeal] BattlePlayerHealBroadcast Actual=3 After HP 67/103 Block 0 Shield 0
[Info   :   Console] [服务器] 收到游戏事件: type=BattlePlayerHealBroadcast, from=Player_0 (指纹=0x72763c38e3f1cdf8, 长度=259, 字段=Timestamp=639053107478316574 PlayerId="www123" PlayerName="白玉楼剑客" Round=2)
[Info   :   Console] [客户端] 已发送游戏事件: CardStateChanged (指纹=0xbc7ae494f6b7b6c0, 长度=549, 字段=Timestamp=639053107482198807 PlayerId="Reimu")
[Debug  :Network Plugin] [客户端] 已发送游戏事件: CardStateChanged (指纹=0xbc7ae494f6b7b6c0, 长度=549, 字段=Timestamp=639053107482198807 PlayerId="Reimu")
[Info   :   Console] [服务器] 收到游戏事件: type=CardStateChanged, from=Player_0 (指纹=0xbc7ae494f6b7b6c0, 长度=549, 字段=Timestamp=639053107482198807 PlayerId="Reimu")
[Info   :   Console] [客户端] 已发送游戏事件: ManaConsumeStarted (指纹=0x01a18fc4fba14139, 长度=499, 字段=Timestamp=639053107497801394 PlayerId="Reimu")
[Debug  :Network Plugin] [客户端] 已发送游戏事件: ManaConsumeStarted (指纹=0x01a18fc4fba14139, 长度=499, 字段=Timestamp=639053107497801394 PlayerId="Reimu")
[Info   :   Console] [客户端] 已发送游戏事件: ManaConsumeCompleted (指纹=0x701e66080c718322, 长度=500, 字段=Timestamp=639053107497806461 PlayerId="Reimu")
[Debug  :Network Plugin] [客户端] 已发送游戏事件: ManaConsumeCompleted (指纹=0x701e66080c718322, 长度=500, 字段=Timestamp=639053107497806461 PlayerId="Reimu")
[Info   :   Console] [服务器] 收到游戏事件: type=ManaConsumeStarted, from=Player_0 (指纹=0x01a18fc4fba14139, 长度=499, 字段=Timestamp=639053107497801394 PlayerId="Reimu")
[Info   :   Console] [服务器] 收到游戏事件: type=ManaConsumeCompleted, from=Player_0 (指纹=0x701e66080c718322, 长度=500, 字段=Timestamp=639053107497806461 PlayerId="Reimu")
[Info   :   Console] [客户端] 已发送游戏事件: OnPlayerStateUpdate (指纹=0xdd8e89b2064d7f13, 长度=330, 字段=Timestamp=639053107499301451 PlayerId="Player_0" Round=2)
[Debug  :Network Plugin] [客户端] 已发送游戏事件: OnPlayerStateUpdate (指纹=0xdd8e89b2064d7f13, 长度=330, 字段=Timestamp=639053107499301451 PlayerId="Player_0" Round=2)
[Info   :   Console] [服务器] 收到游戏事件: type=OnPlayerStateUpdate, from=Player_0 (指纹=0xdd8e89b2064d7f13, 长度=330, 字段=Timestamp=639053107499301451 PlayerId="Player_0" Round=2)
[Info   :   Console] [客户端] 已发送游戏事件: CardStateChanged (指纹=0x9fa3eebf58e1c47f, 长度=527, 字段=Timestamp=639053107502491399 PlayerId="Reimu")
[Debug  :Network Plugin] [客户端] 已发送游戏事件: CardStateChanged (指纹=0x9fa3eebf58e1c47f, 长度=527, 字段=Timestamp=639053107502491399 PlayerId="Reimu")
[Info   :   Console] [服务器] 收到游戏事件: type=CardStateChanged, from=Player_0 (指纹=0x9fa3eebf58e1c47f, 长度=527, 字段=Timestamp=639053107502491399 PlayerId="Reimu")
[Info   :   Console] [客户端] 已发送游戏事件: EndTurnRequest (指纹=0x899c7bfd7fa5ed74, 长度=92, 字段=Timestamp=639053107509803096 PlayerId="Player_0" Round=2)
[Debug  :Network Plugin] [客户端] 已发送游戏事件: EndTurnRequest (指纹=0x899c7bfd7fa5ed74, 长度=92, 字段=Timestamp=639053107509803096 PlayerId="Player_0" Round=2)
[Info   :   Console] [客户端] 已发送游戏事件: EndTurnStatus (指纹=0xbadffdb95ebf7c9b, 长度=105, 字段=Timestamp=639053107509818138 PlayerId="Player_0" Round=2)
[Debug  :Network Plugin] [客户端] 已发送游戏事件: EndTurnStatus (指纹=0xbadffdb95ebf7c9b, 长度=105, 字段=Timestamp=639053107509818138 PlayerId="Player_0" Round=2)
[Info   :   Console] [客户端] 已发送游戏事件: EndTurnConfirm (指纹=0x8e01f04d4e70c0fa, 长度=86, 字段=Timestamp=639053107509818138 Round=2)
[Debug  :Network Plugin] [客户端] 已发送游戏事件: EndTurnConfirm (指纹=0x8e01f04d4e70c0fa, 长度=86, 字段=Timestamp=639053107509818138 Round=2)
[Info   :   Console] [客户端] 已发送游戏事件: RoomStateUpload (指纹=0xb03d8f8358276186, 长度=1107, 字段=Timestamp=639052819509818138 Act=2 X=7 Y=3 RoomKey=<已脱敏> RoomVersion=0)
[Debug  :Network Plugin] [客户端] 已发送游戏事件: RoomStateUpload (指纹=0xb03d8f8358276186, 长度=1107, 字段=Timestamp=639052819509818138 Act=2 X=7 Y=3 RoomKey=<已脱敏> RoomVersion=0)
[Info   :   Console] [客户端] 已发送游戏事件: RoomStateUpload (指纹=0xb03d8f8358276186, 长度=1107, 字段=Timestamp=639052819509818138 Act=2 X=7 Y=3 RoomKey=<已脱敏> RoomVersion=0)
[Debug  :Network Plugin] [客户端] 已发送游戏事件: RoomStateUpload (指纹=0xb03d8f8358276186, 长度=1107, 字段=Timestamp=639052819509818138 Act=2 X=7 Y=3 RoomKey=<已脱敏> RoomVersion=0)
[Info   :   Console] [服务器] 收到游戏事件: type=RoomStateUpload, from=Player_0 (指纹=0xb03d8f8358276186, 长度=1107, 字段=Timestamp=639052819509818138 Act=2 X=7 Y=3 RoomKey=<已脱敏> RoomVersion=0)
[Info   :   Console] [服务器] 收到游戏事件: type=RoomStateUpload, from=Player_0 (指纹=0xb03d8f8358276186, 长度=1107, 字段=Timestamp=639052819509818138 Act=2 X=7 Y=3 RoomKey=<已脱敏> RoomVersion=0)
[Info   :   Console] [服务器] 收到游戏事件: type=EndTurnRequest, from=Player_0 (指纹=0x899c7bfd7fa5ed74, 长度=92, 字段=Timestamp=639053107509803096 PlayerId="Player_0" Round=2)
[Info   :   Console] [服务器] 收到游戏事件: type=EndTurnStatus, from=Player_0 (指纹=0xbadffdb95ebf7c9b, 长度=105, 字段=Timestamp=639053107509818138 PlayerId="Player_0" Round=2)
[Info   :   Console] [服务器] 收到游戏事件: type=EndTurnConfirm, from=Player_0 (指纹=0x8e01f04d4e70c0fa, 长度=86, 字段=Timestamp=639053107509818138 Round=2)
[Info   :   Console] [客户端] 已发送游戏事件: CardStateChanged (指纹=0x3aeff0046709c5f0, 长度=525, 字段=Timestamp=639053107511801188 PlayerId="Reimu")
[Debug  :Network Plugin] [客户端] 已发送游戏事件: CardStateChanged (指纹=0x3aeff0046709c5f0, 长度=525, 字段=Timestamp=639053107511801188 PlayerId="Reimu")
[Info   :   Console] [服务器] 收到游戏事件: type=CardStateChanged, from=Player_0 (指纹=0x3aeff0046709c5f0, 长度=525, 字段=Timestamp=639053107511801188 PlayerId="Reimu")
[Info   :   Console] [客户端] 已发送游戏事件: CardStateChanged (指纹=0x57e442e4ab2018e9, 长度=519, 字段=Timestamp=639053107512600776 PlayerId="Reimu")
[Debug  :Network Plugin] [客户端] 已发送游戏事件: CardStateChanged (指纹=0x57e442e4ab2018e9, 长度=519, 字段=Timestamp=639053107512600776 PlayerId="Reimu")
[Info   :   Console] [服务器] 收到游戏事件: type=CardStateChanged, from=Player_0 (指纹=0x57e442e4ab2018e9, 长度=519, 字段=Timestamp=639053107512600776 PlayerId="Reimu")
[Info   :   Console] [客户端] 已发送游戏事件: BattlePlayerDamageBroadcast (指纹=0x704096307e926c75, 长度=434, 字段=Timestamp=639053107525687818 PlayerId="www123" PlayerName="白玉楼剑客" Round=2)
[Debug  :Network Plugin] [客户端] 已发送游戏事件: BattlePlayerDamageBroadcast (指纹=0x704096307e926c75, 长度=434, 字段=Timestamp=639053107525687818 PlayerId="www123" PlayerName="白玉楼剑客" Round=2)
[Info   :Network Plugin] [BattlePlayerDamage] BattlePlayerDamageBroadcast Total=11.0 (HP: 6.0, Block: 5.0, Shield: 0.0). Remaining HP: 61/103
[Info   :   Console] [服务器] 收到游戏事件: type=BattlePlayerDamageBroadcast, from=Player_0 (指纹=0x704096307e926c75, 长度=434, 字段=Timestamp=639053107525687818 PlayerId="www123" PlayerName="白玉楼剑客" Round=2)
[Info   :   Console] [客户端] 已发送请求: BattleEnemyIntentChanged (指纹=0x815895ef47d65a37, 长度=403, 字段=Timestamp=639053107533696187 Round=3)
[Debug  :Network Plugin] [客户端] 已发送请求: BattleEnemyIntentChanged (指纹=0x815895ef47d65a37, 长度=403, 字段=Timestamp=639053107533696187 Round=3)
[Debug  :Network Plugin] [EnemyIntentSync] Intentions updated. Enemy=蓝怨灵 RootIndex=0 Round=3 EOT=True
[Info   :   Console] [服务器] 收到游戏事件: type=BattleEnemyIntentChanged, from=Player_0 (指纹=0x815895ef47d65a37, 长度=403, 字段=Timestamp=639053107533696187 Round=3)
[Info   :   Console] [客户端] 已发送游戏事件: ManaRegain (指纹=0x44f1a820754c58cf, 长度=616, 字段=Timestamp=639053107544888145 PlayerId="Reimu")
[Debug  :Network Plugin] [客户端] 已发送游戏事件: ManaRegain (指纹=0x44f1a820754c58cf, 长度=616, 字段=Timestamp=639053107544888145 PlayerId="Reimu")
[Info   :   Console] [服务器] 收到游戏事件: type=ManaRegain, from=Player_0 (指纹=0x44f1a820754c58cf, 长度=616, 字段=Timestamp=639053107544888145 PlayerId="Reimu")
[Info   :   Console] [客户端] 已发送游戏事件: ManaConsumeStarted (指纹=0x3bcf34782e62ded9, 长度=499, 字段=Timestamp=639053107574381896 PlayerId="Reimu")
[Debug  :Network Plugin] [客户端] 已发送游戏事件: ManaConsumeStarted (指纹=0x3bcf34782e62ded9, 长度=499, 字段=Timestamp=639053107574381896 PlayerId="Reimu")
[Info   :   Console] [客户端] 已发送游戏事件: ManaConsumeCompleted (指纹=0x43824f9560d88236, 长度=500, 字段=Timestamp=639053107574396922 PlayerId="Reimu")
[Debug  :Network Plugin] [客户端] 已发送游戏事件: ManaConsumeCompleted (指纹=0x43824f9560d88236, 长度=500, 字段=Timestamp=639053107574396922 PlayerId="Reimu")
[Info   :   Console] [服务器] 收到游戏事件: type=ManaConsumeStarted, from=Player_0 (指纹=0x3bcf34782e62ded9, 长度=499, 字段=Timestamp=639053107574381896 PlayerId="Reimu")
[Info   :   Console] [服务器] 收到游戏事件: type=ManaConsumeCompleted, from=Player_0 (指纹=0x43824f9560d88236, 长度=500, 字段=Timestamp=639053107574396922 PlayerId="Reimu")
[Info   :   Console] [客户端] 已发送游戏事件: OnPlayerStateUpdate (指纹=0x30ebfe175c4eb773, 长度=333, 字段=Timestamp=639053107575988360 PlayerId="Player_0" Round=3)
[Debug  :Network Plugin] [客户端] 已发送游戏事件: OnPlayerStateUpdate (指纹=0x30ebfe175c4eb773, 长度=333, 字段=Timestamp=639053107575988360 PlayerId="Player_0" Round=3)
[Info   :   Console] [服务器] 收到游戏事件: type=OnPlayerStateUpdate, from=Player_0 (指纹=0x30ebfe175c4eb773, 长度=333, 字段=Timestamp=639053107575988360 PlayerId="Player_0" Round=3)
[Info   :   Console] [客户端] 已发送游戏事件: CardStateChanged (指纹=0xfa1c9a876d3ca96a, 长度=545, 字段=Timestamp=639053107579291499 PlayerId="Reimu")
[Debug  :Network Plugin] [客户端] 已发送游戏事件: CardStateChanged (指纹=0xfa1c9a876d3ca96a, 长度=545, 字段=Timestamp=639053107579291499 PlayerId="Reimu")
[Info   :   Console] [服务器] 收到游戏事件: type=CardStateChanged, from=Player_0 (指纹=0xfa1c9a876d3ca96a, 长度=545, 字段=Timestamp=639053107579291499 PlayerId="Reimu")
[Info   :   Console] [客户端] 已发送游戏事件: ManaConsumeStarted (指纹=0xceaf8eefa9e49a17, 长度=499, 字段=Timestamp=639053107583681510 PlayerId="Reimu")
[Debug  :Network Plugin] [客户端] 已发送游戏事件: ManaConsumeStarted (指纹=0xceaf8eefa9e49a17, 长度=499, 字段=Timestamp=639053107583681510 PlayerId="Reimu")
[Info   :   Console] [客户端] 已发送游戏事件: ManaConsumeCompleted (指纹=0xed772523ca4b5cba, 长度=500, 字段=Timestamp=639053107583692040 PlayerId="Reimu")
[Debug  :Network Plugin] [客户端] 已发送游戏事件: ManaConsumeCompleted (指纹=0xed772523ca4b5cba, 长度=500, 字段=Timestamp=639053107583692040 PlayerId="Reimu")
[Info   :   Console] [服务器] 收到游戏事件: type=ManaConsumeStarted, from=Player_0 (指纹=0xceaf8eefa9e49a17, 长度=499, 字段=Timestamp=639053107583681510 PlayerId="Reimu")
[Info   :   Console] [服务器] 收到游戏事件: type=ManaConsumeCompleted, from=Player_0 (指纹=0xed772523ca4b5cba, 长度=500, 字段=Timestamp=639053107583692040 PlayerId="Reimu")
[Info   :   Console] [客户端] 已发送游戏事件: CardStateChanged (指纹=0xba2efe8e7228d79a, 长度=549, 字段=Timestamp=639053107590877089 PlayerId="Reimu")
[Debug  :Network Plugin] [客户端] 已发送游戏事件: CardStateChanged (指纹=0xba2efe8e7228d79a, 长度=549, 字段=Timestamp=639053107590877089 PlayerId="Reimu")
[Info   :   Console] [服务器] 收到游戏事件: type=CardStateChanged, from=Player_0 (指纹=0xba2efe8e7228d79a, 长度=549, 字段=Timestamp=639053107590877089 PlayerId="Reimu")
[Info   :   Console] [客户端] 已发送游戏事件: ManaConsumeStarted (指纹=0x695e742e3da8daa1, 长度=499, 字段=Timestamp=639053107597884840 PlayerId="Reimu")
[Debug  :Network Plugin] [客户端] 已发送游戏事件: ManaConsumeStarted (指纹=0x695e742e3da8daa1, 长度=499, 字段=Timestamp=639053107597884840 PlayerId="Reimu")
[Info   :   Console] [客户端] 已发送游戏事件: ManaConsumeCompleted (指纹=0x691c77739e324542, 长度=500, 字段=Timestamp=639053107597884840 PlayerId="Reimu")
[Debug  :Network Plugin] [客户端] 已发送游戏事件: ManaConsumeCompleted (指纹=0x691c77739e324542, 长度=500, 字段=Timestamp=639053107597884840 PlayerId="Reimu")
[Info   :   Console] [服务器] 收到游戏事件: type=ManaConsumeStarted, from=Player_0 (指纹=0x695e742e3da8daa1, 长度=499, 字段=Timestamp=639053107597884840 PlayerId="Reimu")
[Info   :   Console] [服务器] 收到游戏事件: type=ManaConsumeCompleted, from=Player_0 (指纹=0x691c77739e324542, 长度=500, 字段=Timestamp=639053107597884840 PlayerId="Reimu")
[Info   :   Console] [客户端] 已发送游戏事件: OnPlayerStateUpdate (指纹=0xd1d8daf28bf20871, 长度=333, 字段=Timestamp=639053107599383580 PlayerId="Player_0" Round=3)
[Debug  :Network Plugin] [客户端] 已发送游戏事件: OnPlayerStateUpdate (指纹=0xd1d8daf28bf20871, 长度=333, 字段=Timestamp=639053107599383580 PlayerId="Player_0" Round=3)
[Info   :   Console] [服务器] 收到游戏事件: type=OnPlayerStateUpdate, from=Player_0 (指纹=0xd1d8daf28bf20871, 长度=333, 字段=Timestamp=639053107599383580 PlayerId="Player_0" Round=3)
[Info   :   Console] [客户端] 已发送游戏事件: CardStateChanged (指纹=0x65f64b5eca457838, 长度=527, 字段=Timestamp=639053107602674398 PlayerId="Reimu")
[Debug  :Network Plugin] [客户端] 已发送游戏事件: CardStateChanged (指纹=0x65f64b5eca457838, 长度=527, 字段=Timestamp=639053107602674398 PlayerId="Reimu")
[Info   :   Console] [服务器] 收到游戏事件: type=CardStateChanged, from=Player_0 (指纹=0x65f64b5eca457838, 长度=527, 字段=Timestamp=639053107602674398 PlayerId="Reimu")
[Info   :   Console] [客户端] 已发送游戏事件: EndTurnRequest (指纹=0xe4fe6ef4b1234e46, 长度=92, 字段=Timestamp=639053107605273871 PlayerId="Player_0" Round=3)
[Debug  :Network Plugin] [客户端] 已发送游戏事件: EndTurnRequest (指纹=0xe4fe6ef4b1234e46, 长度=92, 字段=Timestamp=639053107605273871 PlayerId="Player_0" Round=3)
[Info   :   Console] [客户端] 已发送游戏事件: EndTurnStatus (指纹=0x97d1139a0cfcc372, 长度=105, 字段=Timestamp=639053107605284446 PlayerId="Player_0" Round=3)
[Debug  :Network Plugin] [客户端] 已发送游戏事件: EndTurnStatus (指纹=0x97d1139a0cfcc372, 长度=105, 字段=Timestamp=639053107605284446 PlayerId="Player_0" Round=3)
[Info   :   Console] [客户端] 已发送游戏事件: EndTurnConfirm (指纹=0xd9c9b9efe8b474c5, 长度=86, 字段=Timestamp=639053107605284446 Round=3)
[Debug  :Network Plugin] [客户端] 已发送游戏事件: EndTurnConfirm (指纹=0xd9c9b9efe8b474c5, 长度=86, 字段=Timestamp=639053107605284446 Round=3)
[Info   :   Console] [客户端] 已发送游戏事件: RoomStateUpload (指纹=0x55f8bc49c0590cfa, 长度=1106, 字段=Timestamp=639052819605294536 Act=2 X=7 Y=3 RoomKey=<已脱敏> RoomVersion=0)
[Debug  :Network Plugin] [客户端] 已发送游戏事件: RoomStateUpload (指纹=0x55f8bc49c0590cfa, 长度=1106, 字段=Timestamp=639052819605294536 Act=2 X=7 Y=3 RoomKey=<已脱敏> RoomVersion=0)
[Info   :   Console] [客户端] 已发送游戏事件: RoomStateUpload (指纹=0x55f8bc49c0590cfa, 长度=1106, 字段=Timestamp=639052819605294536 Act=2 X=7 Y=3 RoomKey=<已脱敏> RoomVersion=0)
[Debug  :Network Plugin] [客户端] 已发送游戏事件: RoomStateUpload (指纹=0x55f8bc49c0590cfa, 长度=1106, 字段=Timestamp=639052819605294536 Act=2 X=7 Y=3 RoomKey=<已脱敏> RoomVersion=0)
[Info   :   Console] [服务器] 收到游戏事件: type=RoomStateUpload, from=Player_0 (指纹=0x55f8bc49c0590cfa, 长度=1106, 字段=Timestamp=639052819605294536 Act=2 X=7 Y=3 RoomKey=<已脱敏> RoomVersion=0)
[Info   :   Console] [服务器] 收到游戏事件: type=RoomStateUpload, from=Player_0 (指纹=0x55f8bc49c0590cfa, 长度=1106, 字段=Timestamp=639052819605294536 Act=2 X=7 Y=3 RoomKey=<已脱敏> RoomVersion=0)
[Info   :   Console] [服务器] 收到游戏事件: type=EndTurnRequest, from=Player_0 (指纹=0xe4fe6ef4b1234e46, 长度=92, 字段=Timestamp=639053107605273871 PlayerId="Player_0" Round=3)
[Info   :   Console] [服务器] 收到游戏事件: type=EndTurnStatus, from=Player_0 (指纹=0x97d1139a0cfcc372, 长度=105, 字段=Timestamp=639053107605284446 PlayerId="Player_0" Round=3)
[Info   :   Console] [服务器] 收到游戏事件: type=EndTurnConfirm, from=Player_0 (指纹=0xd9c9b9efe8b474c5, 长度=86, 字段=Timestamp=639053107605284446 Round=3)
[Info   :   Console] [客户端] 已发送游戏事件: CardStateChanged (指纹=0xe9f1e23298d20009, 长度=537, 字段=Timestamp=639053107607270194 PlayerId="Reimu")
[Debug  :Network Plugin] [客户端] 已发送游戏事件: CardStateChanged (指纹=0xe9f1e23298d20009, 长度=537, 字段=Timestamp=639053107607270194 PlayerId="Reimu")
[Info   :   Console] [服务器] 收到游戏事件: type=CardStateChanged, from=Player_0 (指纹=0xe9f1e23298d20009, 长度=537, 字段=Timestamp=639053107607270194 PlayerId="Reimu")
[Info   :   Console] [客户端] 已发送游戏事件: CardStateChanged (指纹=0xf982c3bc1760e840, 长度=537, 字段=Timestamp=639053107608073092 PlayerId="Reimu")
[Debug  :Network Plugin] [客户端] 已发送游戏事件: CardStateChanged (指纹=0xf982c3bc1760e840, 长度=537, 字段=Timestamp=639053107608073092 PlayerId="Reimu")
[Info   :   Console] [服务器] 收到游戏事件: type=CardStateChanged, from=Player_0 (指纹=0xf982c3bc1760e840, 长度=537, 字段=Timestamp=639053107608073092 PlayerId="Reimu")
[Info   :   Console] [客户端] 已发送游戏事件: BattlePlayerStatusEffectsDeltaBroadcast (指纹=0x563927c85d80c470, 长度=298, 字段=Timestamp=639053107620883150 PlayerId="www123" PlayerName="白玉楼剑客" Round=3)
[Debug  :Network Plugin] [客户端] 已发送游戏事件: BattlePlayerStatusEffectsDeltaBroadcast (指纹=0x563927c85d80c470, 长度=298, 字段=Timestamp=639053107620883150 PlayerId="www123" PlayerName="白玉楼剑客" Round=3)
[Info   :   Console] [服务器] 收到游戏事件: type=BattlePlayerStatusEffectsDeltaBroadcast, from=Player_0 (指纹=0x563927c85d80c470, 长度=298, 字段=Timestamp=639053107620883150 PlayerId="www123" PlayerName="白玉楼剑客" Round=3)
[Info   :   Console] [客户端] 已发送游戏事件: BattlePlayerStatusEffectsDeltaBroadcast (指纹=0xc9131ab5f0e892e9, 长度=322, 字段=Timestamp=639053107622377260 PlayerId="www123" PlayerName="白玉楼剑客" Round=3)
[Debug  :Network Plugin] [客户端] 已发送游戏事件: BattlePlayerStatusEffectsDeltaBroadcast (指纹=0xc9131ab5f0e892e9, 长度=322, 字段=Timestamp=639053107622377260 PlayerId="www123" PlayerName="白玉楼剑客" Round=3)
[Info   :   Console] [服务器] 收到游戏事件: type=BattlePlayerStatusEffectsDeltaBroadcast, from=Player_0 (指纹=0xc9131ab5f0e892e9, 长度=322, 字段=Timestamp=639053107622377260 PlayerId="www123" PlayerName="白玉楼剑客" Round=3)
[Info   :   Console] [客户端] 已发送请求: BattleEnemyIntentChanged (指纹=0xfb9552d344c2383b, 长度=455, 字段=Timestamp=639053107623280682 Round=4)
[Debug  :Network Plugin] [客户端] 已发送请求: BattleEnemyIntentChanged (指纹=0xfb9552d344c2383b, 长度=455, 字段=Timestamp=639053107623280682 Round=4)
[Debug  :Network Plugin] [EnemyIntentSync] Intentions updated. Enemy=蓝怨灵 RootIndex=0 Round=4 EOT=True
[Info   :   Console] [服务器] 收到游戏事件: type=BattleEnemyIntentChanged, from=Player_0 (指纹=0xfb9552d344c2383b, 长度=455, 字段=Timestamp=639053107623280682 Round=4)
[Info   :   Console] [客户端] 已发送游戏事件: OnPlayerStateUpdate (指纹=0xd53e4f6c89eb6513, 长度=330, 字段=Timestamp=639053107633870039 PlayerId="Player_0" Round=4)
[Debug  :Network Plugin] [客户端] 已发送游戏事件: OnPlayerStateUpdate (指纹=0xd53e4f6c89eb6513, 长度=330, 字段=Timestamp=639053107633870039 PlayerId="Player_0" Round=4)
[Info   :   Console] [服务器] 收到游戏事件: type=OnPlayerStateUpdate, from=Player_0 (指纹=0xd53e4f6c89eb6513, 长度=330, 字段=Timestamp=639053107633870039 PlayerId="Player_0" Round=4)
[Info   :   Console] [客户端] 已发送游戏事件: BattlePlayerStatusEffectsDeltaBroadcast (指纹=0x1a0183db1ca707a3, 长度=323, 字段=Timestamp=639053107634766413 PlayerId="www123" PlayerName="白玉楼剑客" Round=4)
[Debug  :Network Plugin] [客户端] 已发送游戏事件: BattlePlayerStatusEffectsDeltaBroadcast (指纹=0x1a0183db1ca707a3, 长度=323, 字段=Timestamp=639053107634766413 PlayerId="www123" PlayerName="白玉楼剑客" Round=4)
[Info   :   Console] [服务器] 收到游戏事件: type=BattlePlayerStatusEffectsDeltaBroadcast, from=Player_0 (指纹=0x1a0183db1ca707a3, 长度=323, 字段=Timestamp=639053107634766413 PlayerId="www123" PlayerName="白玉楼剑客" Round=4)
[Info   :   Console] [客户端] 已发送游戏事件: ManaRegain (指纹=0x6433f87423f673ea, 长度=616, 字段=Timestamp=639053107635776118 PlayerId="Reimu")
[Debug  :Network Plugin] [客户端] 已发送游戏事件: ManaRegain (指纹=0x6433f87423f673ea, 长度=616, 字段=Timestamp=639053107635776118 PlayerId="Reimu")
[Info   :   Console] [服务器] 收到游戏事件: type=ManaRegain, from=Player_0 (指纹=0x6433f87423f673ea, 长度=616, 字段=Timestamp=639053107635776118 PlayerId="Reimu")
[Info   :   Console] [客户端] 已发送游戏事件: ManaConsumeStarted (指纹=0x1249ac7ded0b01fc, 长度=499, 字段=Timestamp=639053107670861842 PlayerId="Reimu")
[Debug  :Network Plugin] [客户端] 已发送游戏事件: ManaConsumeStarted (指纹=0x1249ac7ded0b01fc, 长度=499, 字段=Timestamp=639053107670861842 PlayerId="Reimu")
[Info   :   Console] [客户端] 已发送游戏事件: ManaConsumeCompleted (指纹=0xbd2ab2d41391fa2a, 长度=500, 字段=Timestamp=639053107670872731 PlayerId="Reimu")
[Debug  :Network Plugin] [客户端] 已发送游戏事件: ManaConsumeCompleted (指纹=0xbd2ab2d41391fa2a, 长度=500, 字段=Timestamp=639053107670872731 PlayerId="Reimu")
[Info   :   Console] [服务器] 收到游戏事件: type=ManaConsumeStarted, from=Player_0 (指纹=0x1249ac7ded0b01fc, 长度=499, 字段=Timestamp=639053107670861842 PlayerId="Reimu")
[Info   :   Console] [服务器] 收到游戏事件: type=ManaConsumeCompleted, from=Player_0 (指纹=0xbd2ab2d41391fa2a, 长度=500, 字段=Timestamp=639053107670872731 PlayerId="Reimu")
[Info   :   Console] [客户端] 已发送游戏事件: BattlePlayerHealBroadcast (指纹=0x8d2c31501bb77f57, 长度=259, 字段=Timestamp=639053107677771822 PlayerId="www123" PlayerName="白玉楼剑客" Round=4)
[Debug  :Network Plugin] [客户端] 已发送游戏事件: BattlePlayerHealBroadcast (指纹=0x8d2c31501bb77f57, 长度=259, 字段=Timestamp=639053107677771822 PlayerId="www123" PlayerName="白玉楼剑客" Round=4)
[Info   :Network Plugin] [BattlePlayerHeal] BattlePlayerHealBroadcast Actual=3 After HP 64/103 Block 0 Shield 0
[Info   :   Console] [服务器] 收到游戏事件: type=BattlePlayerHealBroadcast, from=Player_0 (指纹=0x8d2c31501bb77f57, 长度=259, 字段=Timestamp=639053107677771822 PlayerId="www123" PlayerName="白玉楼剑客" Round=4)
[Info   :   Console] [客户端] 已发送游戏事件: BattlePlayerDamageBroadcast (指纹=0x3b64dd56420b913b, 长度=440, 字段=Timestamp=639053107679067493 PlayerId="www123" PlayerName="白玉楼剑客" Round=4)
[Debug  :Network Plugin] [客户端] 已发送游戏事件: BattlePlayerDamageBroadcast (指纹=0x3b64dd56420b913b, 长度=440, 字段=Timestamp=639053107679067493 PlayerId="www123" PlayerName="白玉楼剑客" Round=4)
[Info   :Network Plugin] [BattlePlayerDamage] BattlePlayerDamageBroadcast Total=5.0 (HP: 5.0, Block: 0.0, Shield: 0.0). Remaining HP: 59/103
[Info   :   Console] [服务器] 收到游戏事件: type=BattlePlayerDamageBroadcast, from=Player_0 (指纹=0x3b64dd56420b913b, 长度=440, 字段=Timestamp=639053107679067493 PlayerId="www123" PlayerName="白玉楼剑客" Round=4)
[Info   :   Console] [客户端] 已发送游戏事件: CardStateChanged (指纹=0x7d9891dd2404f7dd, 长度=557, 字段=Timestamp=639053107695559557 PlayerId="Reimu")
[Debug  :Network Plugin] [客户端] 已发送游戏事件: CardStateChanged (指纹=0x7d9891dd2404f7dd, 长度=557, 字段=Timestamp=639053107695559557 PlayerId="Reimu")
[Info   :   Console] [服务器] 收到游戏事件: type=CardStateChanged, from=Player_0 (指纹=0x7d9891dd2404f7dd, 长度=557, 字段=Timestamp=639053107695559557 PlayerId="Reimu")
[Debug  :Network Plugin] [DeathStateManager] All fake death records cleared
[Info   :   Console] [客户端] 已发送游戏事件: RoomStateUpload (指纹=0x2b013b26c807d17f, 长度=1113, 字段=Timestamp=639052819697264421 Act=2 X=7 Y=3 RoomKey=<已脱敏> RoomVersion=0)
[Debug  :Network Plugin] [客户端] 已发送游戏事件: RoomStateUpload (指纹=0x2b013b26c807d17f, 长度=1113, 字段=Timestamp=639052819697264421 Act=2 X=7 Y=3 RoomKey=<已脱敏> RoomVersion=0)
[Info   :   Console] [服务器] 收到游戏事件: type=RoomStateUpload, from=Player_0 (指纹=0x2b013b26c807d17f, 长度=1113, 字段=Timestamp=639052819697264421 Act=2 X=7 Y=3 RoomKey=<已脱敏> RoomVersion=0)
[Debug  :Network Plugin] [DeathStateManager] All fake death records cleared
[Debug  :Network Plugin] [GameEventDeathSync] 战斗结束，死亡状态已清理
[Info   :   Console] [客户端] 已发送请求: UpdatePlayerLocation (指纹=0x30ca59bd1326b761, 长度=87, 字段=LocationX=7 LocationY=3 LocationName="Enemy" Stage=2)
[Debug  :Network Plugin] [客户端] 已发送请求: UpdatePlayerLocation (指纹=0x30ca59bd1326b761, 长度=87, 字段=LocationX=7 LocationY=3 LocationName="Enemy" Stage=2)
[Info   :Network Plugin] [MapSyncPatch] 已发送位置同步: (7, 3) - Enemy (指纹=0x30ca59bd1326b761, 长度=87, 字段=LocationX=7 LocationY=3 LocationName="Enemy" Stage=2)
[Info   :   Console] [客户端] 收到游戏事件: PlayerListUpdate
[Debug  :Network Plugin] [客户端] 收到游戏事件: PlayerListUpdate
[Debug  :Network Plugin] [SyncManager] 接收到网络事件: PlayerListUpdate, 时间戳: 639053107697964640
[Debug  :Network Plugin] [SyncManager] 单个事件应用成功: PlayerListUpdate 来自 remote (时间戳: 2026/1/29 19:12:49)
[Debug  :Network Plugin] [SyncManager] 事件处理成功: PlayerListUpdate, 时间戳: 639053107697964640
[Info   :   Console] [客户端] 已发送游戏事件: OnPlayerStateUpdate (指纹=0xefbbcde3ff6d9064, 长度=175, 字段=Timestamp=639053107708552005 PlayerId="Player_0")
[Debug  :Network Plugin] [客户端] 已发送游戏事件: OnPlayerStateUpdate (指纹=0xefbbcde3ff6d9064, 长度=175, 字段=Timestamp=639053107708552005 PlayerId="Player_0")
[Info   :   Console] [服务器] 收到游戏事件: type=OnPlayerStateUpdate, from=Player_0 (指纹=0xefbbcde3ff6d9064, 长度=175, 字段=Timestamp=639053107708552005 PlayerId="Player_0")
[Debug  :Network Plugin] [ReconnectionManager] Full snapshot created at 639052819718821957
[Debug  :Network Plugin] [ReconnectionManager] Map checkpoint: id=cp00000009:enter_node, at=639052819757152819, reason=enter_node, nodeKey=2:8:3:Shop
[Info   :   Console] [客户端] 已发送游戏事件: OnMapNodeEnter (指纹=0x62a700fb55fd9fd8, 长度=168, 字段=Timestamp=639052819757152819 PlayerId="Player_0")
[Debug  :Network Plugin] [客户端] 已发送游戏事件: OnMapNodeEnter (指纹=0x62a700fb55fd9fd8, 长度=168, 字段=Timestamp=639052819757152819 PlayerId="Player_0")
[Info   :   Console] [客户端] 已发送游戏事件: RoomStateRequest (指纹=0x7fe5c2246f4d17dc, 长度=125, 字段=Timestamp=639052819757164028 RoomKey=<已脱敏>)
[Debug  :Network Plugin] [客户端] 已发送游戏事件: RoomStateRequest (指纹=0x7fe5c2246f4d17dc, 长度=125, 字段=Timestamp=639052819757164028 RoomKey=<已脱敏>)
[Info   :   Console] [客户端] 已发送游戏事件: RoomStateResponse (指纹=0x92f8192bc17a5d76, 长度=355, 字段=Timestamp=639052819757164028 Act=0 X=0 Y=0 RoomKey=<已脱敏> RoomVersion=0)
[Debug  :Network Plugin] [客户端] 已发送游戏事件: RoomStateResponse (指纹=0x92f8192bc17a5d76, 长度=355, 字段=Timestamp=639052819757164028 Act=0 X=0 Y=0 RoomKey=<已脱敏> RoomVersion=0)
[Info   :   Console] [服务器] 收到游戏事件: type=RoomStateRequest, from=Player_0 (指纹=0x7fe5c2246f4d17dc, 长度=125, 字段=Timestamp=639052819757164028 RoomKey=<已脱敏>)
[Info   :   Console] [服务器] 收到游戏事件: type=RoomStateResponse, from=Player_0 (指纹=0x92f8192bc17a5d76, 长度=355, 字段=Timestamp=639052819757164028 Act=0 X=0 Y=0 RoomKey=<已脱敏> RoomVersion=0)
[Info   :   Console] [服务器] 收到游戏事件: type=OnMapNodeEnter, from=Player_0 (指纹=0x62a700fb55fd9fd8, 长度=168, 字段=Timestamp=639052819757152819 PlayerId="Player_0")
[Info   :   Console] [客户端] 已发送请求: UpdatePlayerLocation (指纹=0x403eb7534a107362, 长度=86, 字段=LocationX=8 LocationY=3 LocationName="Shop" Stage=2)
[Debug  :Network Plugin] [客户端] 已发送请求: UpdatePlayerLocation (指纹=0x403eb7534a107362, 长度=86, 字段=LocationX=8 LocationY=3 LocationName="Shop" Stage=2)
[Info   :Network Plugin] [MapSyncPatch] 已发送位置同步: (8, 3) - Shop (指纹=0x403eb7534a107362, 长度=86, 字段=LocationX=8 LocationY=3 LocationName="Shop" Stage=2)
[Debug  :Network Plugin] [ReconnectionManager] Map checkpoint: id=cp00000010:station_finish, at=639052819758763497, reason=station_finish, nodeKey=2:8:3:Shop
[Debug  :Network Plugin] [ReconnectionManager] Map checkpoint: id=cp00000011:reward_closed, at=639052819759136720, reason=reward_closed, nodeKey=2:8:3:Shop
[Info   :   Console] [客户端] 收到游戏事件: PlayerListUpdate
[Debug  :Network Plugin] [客户端] 收到游戏事件: PlayerListUpdate
[Debug  :Network Plugin] [SyncManager] 接收到网络事件: PlayerListUpdate, 时间戳: 639053107759161912
[Debug  :Network Plugin] [SyncManager] 单个事件应用成功: PlayerListUpdate 来自 remote (时间戳: 2026/1/29 19:12:55)
[Debug  :Network Plugin] [SyncManager] 事件处理成功: PlayerListUpdate, 时间戳: 639053107759161912
[Debug  :Network Plugin] [ReconnectionManager] Full snapshot created at 639052820018827535
[Info   :   Console] [客户端] 已发送请求: UpdatePlayerLocation (指纹=0x403eb7534a107362, 长度=86, 字段=LocationX=8 LocationY=3 LocationName="Shop" Stage=2)
[Debug  :Network Plugin] [客户端] 已发送请求: UpdatePlayerLocation (指纹=0x403eb7534a107362, 长度=86, 字段=LocationX=8 LocationY=3 LocationName="Shop" Stage=2)
[Info   :Network Plugin] [MapSyncPatch] 已发送位置同步: (8, 3) - Shop (指纹=0x403eb7534a107362, 长度=86, 字段=LocationX=8 LocationY=3 LocationName="Shop" Stage=2)
[Info   :   Console] [客户端] 收到游戏事件: PlayerListUpdate
[Debug  :Network Plugin] [客户端] 收到游戏事件: PlayerListUpdate
[Debug  :Network Plugin] [SyncManager] 接收到网络事件: PlayerListUpdate, 时间戳: 639053108318534125
[Debug  :Network Plugin] [SyncManager] 单个事件应用成功: PlayerListUpdate 来自 remote (时间戳: 2026/1/29 19:13:51)
[Debug  :Network Plugin] [SyncManager] 事件处理成功: PlayerListUpdate, 时间戳: 639053108318534125
[Debug  :Network Plugin] [ReconnectionManager] Full snapshot created at 639052820318826252
[Debug  :Network Plugin] [ReconnectionManager] Map checkpoint: id=cp00000012:enter_node, at=639052820331723485, reason=enter_node, nodeKey=2:9:3:Enemy
[Info   :   Console] [客户端] 已发送游戏事件: OnMapNodeEnter (指纹=0xe072765cd49a719b, 长度=169, 字段=Timestamp=639052820331734486 PlayerId="Player_0")
[Debug  :Network Plugin] [客户端] 已发送游戏事件: OnMapNodeEnter (指纹=0xe072765cd49a719b, 长度=169, 字段=Timestamp=639052820331734486 PlayerId="Player_0")
[Info   :   Console] [客户端] 已发送游戏事件: RoomStateRequest (指纹=0x98abe0f9f83e6fde, 长度=126, 字段=Timestamp=639052820331734486 RoomKey=<已脱敏>)
[Debug  :Network Plugin] [客户端] 已发送游戏事件: RoomStateRequest (指纹=0x98abe0f9f83e6fde, 长度=126, 字段=Timestamp=639052820331734486 RoomKey=<已脱敏>)
[Info   :   Console] [客户端] 已发送游戏事件: RoomStateResponse (指纹=0x13efd30be8811a9a, 长度=356, 字段=Timestamp=639052820331734486 Act=0 X=0 Y=0 RoomKey=<已脱敏> RoomVersion=0)
[Debug  :Network Plugin] [客户端] 已发送游戏事件: RoomStateResponse (指纹=0x13efd30be8811a9a, 长度=356, 字段=Timestamp=639052820331734486 Act=0 X=0 Y=0 RoomKey=<已脱敏> RoomVersion=0)
[Info   :   Console] [服务器] 收到游戏事件: type=RoomStateRequest, from=Player_0 (指纹=0x98abe0f9f83e6fde, 长度=126, 字段=Timestamp=639052820331734486 RoomKey=<已脱敏>)
[Info   :   Console] [服务器] 收到游戏事件: type=RoomStateResponse, from=Player_0 (指纹=0x13efd30be8811a9a, 长度=356, 字段=Timestamp=639052820331734486 Act=0 X=0 Y=0 RoomKey=<已脱敏> RoomVersion=0)
[Info   :   Console] [服务器] 收到游戏事件: type=OnMapNodeEnter, from=Player_0 (指纹=0xe072765cd49a719b, 长度=169, 字段=Timestamp=639052820331734486 PlayerId="Player_0")
[Debug  :Network Plugin] [DeathStateManager] All fake death records cleared
[Debug  :Network Plugin] [GameEventDeathSync] 战斗开始，死亡状态已重置
[Info   :   Console] [客户端] 已发送游戏事件: RoomStateUpload (指纹=0x0c5e1e5b26960af9, 长度=860, 字段=Timestamp=639052820338832096 Act=2 X=9 Y=3 RoomKey=<已脱敏> RoomVersion=0)
[Debug  :Network Plugin] [客户端] 已发送游戏事件: RoomStateUpload (指纹=0x0c5e1e5b26960af9, 长度=860, 字段=Timestamp=639052820338832096 Act=2 X=9 Y=3 RoomKey=<已脱敏> RoomVersion=0)
[Info   :   Console] [服务器] 收到游戏事件: type=RoomStateUpload, from=Player_0 (指纹=0x0c5e1e5b26960af9, 长度=860, 字段=Timestamp=639052820338832096 Act=2 X=9 Y=3 RoomKey=<已脱敏> RoomVersion=0)
[Info   :   Console] [客户端] 已发送游戏事件: OnPlayerStateUpdate (指纹=0xb0f7ea74dc64e4f0, 长度=234, 字段=Timestamp=639053108348718307 PlayerId="Player_0")
[Debug  :Network Plugin] [客户端] 已发送游戏事件: OnPlayerStateUpdate (指纹=0xb0f7ea74dc64e4f0, 长度=234, 字段=Timestamp=639053108348718307 PlayerId="Player_0")
[Info   :   Console] [客户端] 已发送游戏事件: BattlePlayerStatusEffectsDeltaBroadcast (指纹=0xdc01a4894563551b, 长度=368, 字段=Timestamp=639053108348820674 PlayerId="www123" PlayerName="白玉楼剑客" Round=0)
[Debug  :Network Plugin] [客户端] 已发送游戏事件: BattlePlayerStatusEffectsDeltaBroadcast (指纹=0xdc01a4894563551b, 长度=368, 字段=Timestamp=639053108348820674 PlayerId="www123" PlayerName="白玉楼剑客" Round=0)
[Info   :   Console] [服务器] 收到游戏事件: type=OnPlayerStateUpdate, from=Player_0 (指纹=0xb0f7ea74dc64e4f0, 长度=234, 字段=Timestamp=639053108348718307 PlayerId="Player_0")
[Info   :   Console] [服务器] 收到游戏事件: type=BattlePlayerStatusEffectsDeltaBroadcast, from=Player_0 (指纹=0xdc01a4894563551b, 长度=368, 字段=Timestamp=639053108348820674 PlayerId="www123" PlayerName="白玉楼剑客" Round=0)
[Info   :   Console] [客户端] 已发送请求: BattleEnemyIntentChanged (指纹=0xb000eff8320d4394, 长度=462, 字段=Timestamp=639053108349235208 Round=1)
[Debug  :Network Plugin] [客户端] 已发送请求: BattleEnemyIntentChanged (指纹=0xb000eff8320d4394, 长度=462, 字段=Timestamp=639053108349235208 Round=1)
[Debug  :Network Plugin] [EnemyIntentSync] Intentions updated. Enemy=红阴阳玉 RootIndex=0 Round=1 EOT=True
[Info   :   Console] [客户端] 已发送请求: BattleEnemyIntentChanged (指纹=0xffadd648969bd358, 长度=372, 字段=Timestamp=639053108349250243 Round=1)
[Debug  :Network Plugin] [客户端] 已发送请求: BattleEnemyIntentChanged (指纹=0xffadd648969bd358, 长度=372, 字段=Timestamp=639053108349250243 Round=1)
[Debug  :Network Plugin] [EnemyIntentSync] Intentions updated. Enemy=蓝阴阳玉 RootIndex=1 Round=1 EOT=True
[Info   :   Console] [服务器] 收到游戏事件: type=BattleEnemyIntentChanged, from=Player_0 (指纹=0xb000eff8320d4394, 长度=462, 字段=Timestamp=639053108349235208 Round=1)
[Info   :   Console] [服务器] 收到游戏事件: type=BattleEnemyIntentChanged, from=Player_0 (指纹=0xffadd648969bd358, 长度=372, 字段=Timestamp=639053108349250243 Round=1)
[Info   :   Console] [客户端] 已发送游戏事件: ManaRegain (指纹=0x71c25cbec208b208, 长度=616, 字段=Timestamp=639053108360418049 PlayerId="Reimu")
[Debug  :Network Plugin] [客户端] 已发送游戏事件: ManaRegain (指纹=0x71c25cbec208b208, 长度=616, 字段=Timestamp=639053108360418049 PlayerId="Reimu")
[Info   :   Console] [服务器] 收到游戏事件: type=ManaRegain, from=Player_0 (指纹=0x71c25cbec208b208, 长度=616, 字段=Timestamp=639053108360418049 PlayerId="Reimu")
[Info   :   Console] [客户端] 已发送游戏事件: ManaConsumeStarted (指纹=0x6eaa1980b7ede01e, 长度=499, 字段=Timestamp=639053108393813482 PlayerId="Reimu")
[Debug  :Network Plugin] [客户端] 已发送游戏事件: ManaConsumeStarted (指纹=0x6eaa1980b7ede01e, 长度=499, 字段=Timestamp=639053108393813482 PlayerId="Reimu")
[Info   :   Console] [客户端] 已发送游戏事件: ManaConsumeCompleted (指纹=0xecfe166a2067d428, 长度=500, 字段=Timestamp=639053108393823554 PlayerId="Reimu")
[Debug  :Network Plugin] [客户端] 已发送游戏事件: ManaConsumeCompleted (指纹=0xecfe166a2067d428, 长度=500, 字段=Timestamp=639053108393823554 PlayerId="Reimu")
[Info   :   Console] [服务器] 收到游戏事件: type=ManaConsumeStarted, from=Player_0 (指纹=0x6eaa1980b7ede01e, 长度=499, 字段=Timestamp=639053108393813482 PlayerId="Reimu")
[Info   :   Console] [服务器] 收到游戏事件: type=ManaConsumeCompleted, from=Player_0 (指纹=0xecfe166a2067d428, 长度=500, 字段=Timestamp=639053108393823554 PlayerId="Reimu")
[Info   :   Console] [客户端] 已发送游戏事件: CardStateChanged (指纹=0x7e9f774d5dff41a2, 长度=328, 字段=Timestamp=639053108396313009 PlayerId="Reimu")
[Debug  :Network Plugin] [客户端] 已发送游戏事件: CardStateChanged (指纹=0x7e9f774d5dff41a2, 长度=328, 字段=Timestamp=639053108396313009 PlayerId="Reimu")
[Info   :   Console] [客户端] 已发送游戏事件: CardStateChanged (指纹=0x83de563b49a1a872, 长度=328, 字段=Timestamp=639053108396323049 PlayerId="Reimu")
[Debug  :Network Plugin] [客户端] 已发送游戏事件: CardStateChanged (指纹=0x83de563b49a1a872, 长度=328, 字段=Timestamp=639053108396323049 PlayerId="Reimu")
[Info   :   Console] [服务器] 收到游戏事件: type=CardStateChanged, from=Player_0 (指纹=0x7e9f774d5dff41a2, 长度=328, 字段=Timestamp=639053108396313009 PlayerId="Reimu")
[Info   :   Console] [服务器] 收到游戏事件: type=CardStateChanged, from=Player_0 (指纹=0x83de563b49a1a872, 长度=328, 字段=Timestamp=639053108396323049 PlayerId="Reimu")
[Info   :   Console] [服务器] 客户端已断开: 127.0.0.1:62078, 原因: RemoteConnectionClose
[Info   :Network Plugin] [服务器] 客户端已断开: 127.0.0.1:62078, 原因: RemoteConnectionClose
[Info   :   Console] [客户端] 网络客户端服务已停止。
[Info   :Network Plugin] [退出/返回主菜单] 已断开联机连接
[Info   :Network Plugin] [退出/返回主菜单] 当前在游戏局内，开始退出并返回主菜单
[Info   :Network Plugin] [继续游戏] 用户选择：作为房主继续并开启联机
[Info   :   Console] [客户端] 网络客户端已启动。
[Info   :Network Plugin] [客户端] 网络客户端已启动。
[Info   :   Console] [客户端] 正在连接服务器 127.0.0.1:7777（密钥: <已隐藏>）...
[Info   :Network Plugin] [客户端] 正在连接服务器 127.0.0.1:7777（密钥: <已隐藏>）...
[Info   :   Console] [客户端] 已连接到服务器: 127.0.0.1:7777
[Info   :Network Plugin] [客户端] 已连接到服务器: 127.0.0.1:7777
[Info   :   Console] [服务器] 客户端已连接: 127.0.0.1:58659
[Info   :Network Plugin] [服务器] 客户端已连接: 127.0.0.1:58659
[Info   :Network Plugin] [SyncManager] 网络连接已恢复，开始处理队列事件
[Info   :   Console] [客户端] 已发送游戏事件: FullStateSyncRequest (指纹=0xb72a03a09ae0f824, 长度=89, 预览="{\"RequestType\":\"FullSync\",\"RequestReason\":\"ManualRequest\",\"RequestId\":639052820516911356}")
[Debug  :Network Plugin] [客户端] 已发送游戏事件: FullStateSyncRequest (指纹=0xb72a03a09ae0f824, 长度=89, 预览="{\"RequestType\":\"FullSync\",\"RequestReason\":\"ManualRequest\",\"RequestId\":639052820516911356}")
[Info   :Network Plugin] [SyncManager] 发起完整状态同步请求: playerId=unknown_player, requestId=639052820516911356
[Info   :   Console] [客户端] 已发送游戏事件: OnConnectionEstablished (指纹=0xeb217d86cc7ffa4e, 长度=60, 字段=Timestamp=639053108516921608 PlayerId="unknown_player")
[Debug  :Network Plugin] [客户端] 已发送游戏事件: OnConnectionEstablished (指纹=0xeb217d86cc7ffa4e, 长度=60, 字段=Timestamp=639053108516921608 PlayerId="unknown_player")
[Info   :   Console] [客户端] 已发送游戏事件: PlayerJoined (指纹=0x1500daf5f612fe84, 长度=59, 字段=PlayerName="Player")
[Debug  :Network Plugin] [客户端] 已发送游戏事件: PlayerJoined (指纹=0x1500daf5f612fe84, 长度=59, 字段=PlayerName="Player")
[Info   :Network Plugin] [MainMenuMultiplayerEntry] 联机已连接，开始恢复存档进入游戏。
[Info   :   Console] [客户端] 收到游戏事件: PlayerListUpdate
[Debug  :Network Plugin] [客户端] 收到游戏事件: PlayerListUpdate
[Debug  :Network Plugin] [SyncManager] 接收到网络事件: PlayerListUpdate, 时间戳: 639053108517104951
[Debug  :Network Plugin] [SyncManager] 单个事件应用成功: PlayerListUpdate 来自 remote (时间戳: 2026/1/29 19:14:11)
[Debug  :Network Plugin] [SyncManager] 事件处理成功: PlayerListUpdate, 时间戳: 639053108517104951
[Info   :   Console] [客户端] 收到游戏事件: Welcome
[Debug  :Network Plugin] [客户端] 收到游戏事件: Welcome
[Debug  :Network Plugin] [SyncManager] 接收到网络事件: Welcome, 时间戳: 639053108517137982
[Debug  :Network Plugin] [SyncManager] 单个事件应用成功: Welcome 来自 remote (时间戳: 2026/1/29 19:14:11)
[Debug  :Network Plugin] [SyncManager] 事件处理成功: Welcome, 时间戳: 639053108517137982
[Info   :   Console] [服务器] 收到游戏事件: type=FullStateSyncRequest, from=Player_1 (指纹=0xb72a03a09ae0f824, 长度=89, 预览="{\"RequestType\":\"FullSync\",\"RequestReason\":\"ManualRequest\",\"RequestId\":639052820516911356}")
[Info   :   Console] [服务器] 玩家加入: Player (Player_1)
[Info   :   Console] [服务器] 收到游戏事件: type=OnConnectionEstablished, from=Player_1 (指纹=0xeb217d86cc7ffa4e, 长度=60, 字段=Timestamp=639053108516921608 PlayerId="unknown_player")
[Info   :   Console] [客户端] 收到游戏事件: PlayerListUpdate
[Debug  :Network Plugin] [客户端] 收到游戏事件: PlayerListUpdate
[Debug  :Network Plugin] [SyncManager] 接收到网络事件: PlayerListUpdate, 时间戳: 639053108517389701
[Debug  :Network Plugin] [SyncManager] 单个事件应用成功: PlayerListUpdate 来自 remote (时间戳: 2026/1/29 19:14:11)
[Debug  :Network Plugin] [SyncManager] 事件处理成功: PlayerListUpdate, 时间戳: 639053108517389701
[Debug  :Network Plugin] [DeathStateManager] All fake death records cleared
[Debug  :Network Plugin] [GameEventDeathSync] 战斗开始，死亡状态已重置
[Info   :   Console] [客户端] 已发送游戏事件: RoomStateUpload (指纹=0x412f7d9e46ea4f61, 长度=859, 字段=Timestamp=639052820543382151 Act=2 X=9 Y=3 RoomKey=<已脱敏> RoomVersion=0)
[Debug  :Network Plugin] [客户端] 已发送游戏事件: RoomStateUpload (指纹=0x412f7d9e46ea4f61, 长度=859, 字段=Timestamp=639052820543382151 Act=2 X=9 Y=3 RoomKey=<已脱敏> RoomVersion=0)
[Info   :   Console] [服务器] 收到游戏事件: type=RoomStateUpload, from=Player_1 (指纹=0x412f7d9e46ea4f61, 长度=859, 字段=Timestamp=639052820543382151 Act=2 X=9 Y=3 RoomKey=<已脱敏> RoomVersion=0)
[Info   :   Console] [客户端] 已发送游戏事件: OnPlayerStateUpdate (指纹=0xc4ace8bee990e9cc, 长度=234, 字段=Timestamp=639053108553285772 PlayerId="Player_1")
[Debug  :Network Plugin] [客户端] 已发送游戏事件: OnPlayerStateUpdate (指纹=0xc4ace8bee990e9cc, 长度=234, 字段=Timestamp=639053108553285772 PlayerId="Player_1")
[Info   :   Console] [服务器] 收到游戏事件: type=OnPlayerStateUpdate, from=Player_1 (指纹=0xc4ace8bee990e9cc, 长度=234, 字段=Timestamp=639053108553285772 PlayerId="Player_1")
[Info   :   Console] [客户端] 已发送游戏事件: ManaRegain (指纹=0x6443f944e9beb5a0, 长度=615, 字段=Timestamp=639053108564977036 PlayerId="Reimu")
[Debug  :Network Plugin] [客户端] 已发送游戏事件: ManaRegain (指纹=0x6443f944e9beb5a0, 长度=615, 字段=Timestamp=639053108564977036 PlayerId="Reimu")
[Info   :   Console] [服务器] 收到游戏事件: type=ManaRegain, from=Player_1 (指纹=0x6443f944e9beb5a0, 长度=615, 字段=Timestamp=639053108564977036 PlayerId="Reimu")
[Info   :   Console] [客户端] 已发送游戏事件: ManaConsumeStarted (指纹=0x05fed2ca681e426d, 长度=498, 字段=Timestamp=639053108584569155 PlayerId="Reimu")
[Debug  :Network Plugin] [客户端] 已发送游戏事件: ManaConsumeStarted (指纹=0x05fed2ca681e426d, 长度=498, 字段=Timestamp=639053108584569155 PlayerId="Reimu")
[Info   :   Console] [客户端] 已发送游戏事件: ManaConsumeCompleted (指纹=0x35fdf9d1dc4aa7da, 长度=499, 字段=Timestamp=639053108584581261 PlayerId="Reimu")
[Debug  :Network Plugin] [客户端] 已发送游戏事件: ManaConsumeCompleted (指纹=0x35fdf9d1dc4aa7da, 长度=499, 字段=Timestamp=639053108584581261 PlayerId="Reimu")
[Info   :   Console] [服务器] 收到游戏事件: type=ManaConsumeStarted, from=Player_1 (指纹=0x05fed2ca681e426d, 长度=498, 字段=Timestamp=639053108584569155 PlayerId="Reimu")
[Info   :   Console] [服务器] 收到游戏事件: type=ManaConsumeCompleted, from=Player_1 (指纹=0x35fdf9d1dc4aa7da, 长度=499, 字段=Timestamp=639053108584581261 PlayerId="Reimu")
[Info   :   Console] [客户端] 已发送游戏事件: CardStateChanged (指纹=0xf57a9040d9f35904, 长度=328, 字段=Timestamp=639053108587079411 PlayerId="Reimu")
[Debug  :Network Plugin] [客户端] 已发送游戏事件: CardStateChanged (指纹=0xf57a9040d9f35904, 长度=328, 字段=Timestamp=639053108587079411 PlayerId="Reimu")
[Info   :   Console] [客户端] 已发送游戏事件: CardStateChanged (指纹=0x7b2fc10515cd7eff, 长度=328, 字段=Timestamp=639053108587079411 PlayerId="Reimu")
[Debug  :Network Plugin] [客户端] 已发送游戏事件: CardStateChanged (指纹=0x7b2fc10515cd7eff, 长度=328, 字段=Timestamp=639053108587079411 PlayerId="Reimu")
[Info   :   Console] [服务器] 收到游戏事件: type=CardStateChanged, from=Player_1 (指纹=0xf57a9040d9f35904, 长度=328, 字段=Timestamp=639053108587079411 PlayerId="Reimu")
[Info   :   Console] [服务器] 收到游戏事件: type=CardStateChanged, from=Player_1 (指纹=0x7b2fc10515cd7eff, 长度=328, 字段=Timestamp=639053108587079411 PlayerId="Reimu")
[Info   :   Console] [客户端] 已发送游戏事件: ManaConsumeStarted (指纹=0x2004f9f3affb22d9, 长度=498, 字段=Timestamp=639053108602074476 PlayerId="Reimu")
[Debug  :Network Plugin] [客户端] 已发送游戏事件: ManaConsumeStarted (指纹=0x2004f9f3affb22d9, 长度=498, 字段=Timestamp=639053108602074476 PlayerId="Reimu")
[Info   :   Console] [服务器] 收到游戏事件: type=ManaConsumeStarted, from=Player_1 (指纹=0x2004f9f3affb22d9, 长度=498, 字段=Timestamp=639053108602074476 PlayerId="Reimu")
[Info   :   Console] [客户端] 已发送游戏事件: CardStateChanged (指纹=0x8285594c938d3438, 长度=553, 字段=Timestamp=639053108605689503 PlayerId="Reimu")
[Debug  :Network Plugin] [客户端] 已发送游戏事件: CardStateChanged (指纹=0x8285594c938d3438, 长度=553, 字段=Timestamp=639053108605689503 PlayerId="Reimu")
[Info   :   Console] [服务器] 收到游戏事件: type=CardStateChanged, from=Player_1 (指纹=0x8285594c938d3438, 长度=553, 字段=Timestamp=639053108605689503 PlayerId="Reimu")
[Info   :   Console] [客户端] 已发送游戏事件: ManaConsumeStarted (指纹=0x8a934f740d17d181, 长度=498, 字段=Timestamp=639053108616461536 PlayerId="Reimu")
[Debug  :Network Plugin] [客户端] 已发送游戏事件: ManaConsumeStarted (指纹=0x8a934f740d17d181, 长度=498, 字段=Timestamp=639053108616461536 PlayerId="Reimu")
[Info   :   Console] [客户端] 已发送游戏事件: ManaConsumeCompleted (指纹=0x5ae8264c41090349, 长度=499, 字段=Timestamp=639053108616471596 PlayerId="Reimu")
[Debug  :Network Plugin] [客户端] 已发送游戏事件: ManaConsumeCompleted (指纹=0x5ae8264c41090349, 长度=499, 字段=Timestamp=639053108616471596 PlayerId="Reimu")
[Info   :   Console] [服务器] 收到游戏事件: type=ManaConsumeStarted, from=Player_1 (指纹=0x8a934f740d17d181, 长度=498, 字段=Timestamp=639053108616461536 PlayerId="Reimu")
[Info   :   Console] [服务器] 收到游戏事件: type=ManaConsumeCompleted, from=Player_1 (指纹=0x5ae8264c41090349, 长度=499, 字段=Timestamp=639053108616471596 PlayerId="Reimu")
[Debug  :Network Plugin] [ReconnectionManager] Full snapshot created at 639052820618829559
[Info   :   Console] [客户端] 已发送游戏事件: OnPlayerStateUpdate (指纹=0x9ec11faff28c71dd, 长度=329, 字段=Timestamp=639053108622281304 PlayerId="Player_1" Round=1)
[Debug  :Network Plugin] [客户端] 已发送游戏事件: OnPlayerStateUpdate (指纹=0x9ec11faff28c71dd, 长度=329, 字段=Timestamp=639053108622281304 PlayerId="Player_1" Round=1)
[Info   :   Console] [服务器] 收到游戏事件: type=OnPlayerStateUpdate, from=Player_1 (指纹=0x9ec11faff28c71dd, 长度=329, 字段=Timestamp=639053108622281304 PlayerId="Player_1" Round=1)
[Info   :   Console] [客户端] 已发送游戏事件: ManaConsumeStarted (指纹=0xb07569889c12829b, 长度=498, 字段=Timestamp=639053108645060713 PlayerId="Reimu")
[Debug  :Network Plugin] [客户端] 已发送游戏事件: ManaConsumeStarted (指纹=0xb07569889c12829b, 长度=498, 字段=Timestamp=639053108645060713 PlayerId="Reimu")
[Info   :   Console] [客户端] 已发送游戏事件: ManaConsumeCompleted (指纹=0xbe0175f0bfb8ee7e, 长度=499, 字段=Timestamp=639053108645070994 PlayerId="Reimu")
[Debug  :Network Plugin] [客户端] 已发送游戏事件: ManaConsumeCompleted (指纹=0xbe0175f0bfb8ee7e, 长度=499, 字段=Timestamp=639053108645070994 PlayerId="Reimu")
[Info   :   Console] [服务器] 收到游戏事件: type=ManaConsumeStarted, from=Player_1 (指纹=0xb07569889c12829b, 长度=498, 字段=Timestamp=639053108645060713 PlayerId="Reimu")
[Info   :   Console] [服务器] 收到游戏事件: type=ManaConsumeCompleted, from=Player_1 (指纹=0xbe0175f0bfb8ee7e, 长度=499, 字段=Timestamp=639053108645070994 PlayerId="Reimu")
[Info   :   Console] [客户端] 已发送游戏事件: OnPlayerStateUpdate (指纹=0x0db9f7fcef7602e6, 长度=331, 字段=Timestamp=639053108650866761 PlayerId="Player_1" Round=1)
[Debug  :Network Plugin] [客户端] 已发送游戏事件: OnPlayerStateUpdate (指纹=0x0db9f7fcef7602e6, 长度=331, 字段=Timestamp=639053108650866761 PlayerId="Player_1" Round=1)
[Info   :   Console] [服务器] 收到游戏事件: type=OnPlayerStateUpdate, from=Player_1 (指纹=0x0db9f7fcef7602e6, 长度=331, 字段=Timestamp=639053108650866761 PlayerId="Player_1" Round=1)
[Info   :   Console] [客户端] 已发送游戏事件: EndTurnRequest (指纹=0x9bb7185770aeeb5c, 长度=92, 字段=Timestamp=639053108667253060 PlayerId="Player_1" Round=1)
[Debug  :Network Plugin] [客户端] 已发送游戏事件: EndTurnRequest (指纹=0x9bb7185770aeeb5c, 长度=92, 字段=Timestamp=639053108667253060 PlayerId="Player_1" Round=1)
[Info   :   Console] [客户端] 已发送游戏事件: RoomStateUpload (指纹=0xbd9d90ca437ebb3e, 长度=859, 字段=Timestamp=639052820667253060 Act=2 X=9 Y=3 RoomKey=<已脱敏> RoomVersion=0)
[Debug  :Network Plugin] [客户端] 已发送游戏事件: RoomStateUpload (指纹=0xbd9d90ca437ebb3e, 长度=859, 字段=Timestamp=639052820667253060 Act=2 X=9 Y=3 RoomKey=<已脱敏> RoomVersion=0)
[Info   :   Console] [服务器] 收到游戏事件: type=RoomStateUpload, from=Player_1 (指纹=0xbd9d90ca437ebb3e, 长度=859, 字段=Timestamp=639052820667253060 Act=2 X=9 Y=3 RoomKey=<已脱敏> RoomVersion=0)
[Info   :   Console] [服务器] 收到游戏事件: type=EndTurnRequest, from=Player_1 (指纹=0x9bb7185770aeeb5c, 长度=92, 字段=Timestamp=639053108667253060 PlayerId="Player_1" Round=1)
[Debug  :Network Plugin] [ReconnectionManager] Full snapshot created at 639052820918832897
[Info   :   Console] [服务器] 房主已变更为 Player_1
[Info   :   Console] [客户端] Payload 预览(仅一次): event=HostChanged, 指纹=0x524be10c05f0512d, 长度=24, 预览="{\"NewHostId\":\"Player_1\"}"
[Info   :Network Plugin] [客户端] Payload 预览(仅一次): event=HostChanged, 指纹=0x524be10c05f0512d, 长度=24, 预览="{\"NewHostId\":\"Player_1\"}"
[Info   :   Console] [客户端] 收到游戏事件: HostChanged
[Debug  :Network Plugin] [客户端] 收到游戏事件: HostChanged
[Debug  :Network Plugin] [SyncManager] 接收到网络事件: HostChanged, 时间戳: 639053109045480212
[Debug  :Network Plugin] [SyncManager] 单个事件应用成功: HostChanged 来自 remote (时间戳: 2026/1/29 19:15:04)
[Debug  :Network Plugin] [SyncManager] 事件处理成功: HostChanged, 时间戳: 639053109045480212
[Info   :   Console] [客户端] 收到游戏事件: PlayerListUpdate
[Debug  :Network Plugin] [客户端] 收到游戏事件: PlayerListUpdate
[Info   :   Console] [客户端] 已发送请求: BattleEnemyIntentChanged (指纹=0x79769b656a211e16, 长度=463, 字段=Timestamp=639053109045490569 Round=1)
[Debug  :Network Plugin] [客户端] 已发送请求: BattleEnemyIntentChanged (指纹=0x79769b656a211e16, 长度=463, 字段=Timestamp=639053109045490569 Round=1)
[Info   :   Console] [客户端] 已发送请求: BattleEnemyIntentChanged (指纹=0xefed116840804664, 长度=373, 字段=Timestamp=639053109045490569 Round=1)
[Debug  :Network Plugin] [客户端] 已发送请求: BattleEnemyIntentChanged (指纹=0xefed116840804664, 长度=373, 字段=Timestamp=639053109045490569 Round=1)
[Debug  :Network Plugin] [EnemyIntentSync] Broadcasted current battle intentions for join/reconnect.
[Debug  :Network Plugin] [SyncManager] 接收到网络事件: PlayerListUpdate, 时间戳: 639053109045503057
[Debug  :Network Plugin] [SyncManager] 单个事件应用成功: PlayerListUpdate 来自 remote (时间戳: 2026/1/29 19:15:04)
[Debug  :Network Plugin] [SyncManager] 事件处理成功: PlayerListUpdate, 时间戳: 639053109045503057
[Info   :   Console] [服务器] 收到游戏事件: type=BattleEnemyIntentChanged, from=Player_1 (指纹=0x79769b656a211e16, 长度=463, 字段=Timestamp=639053109045490569 Round=1)
[Info   :   Console] [服务器] 收到游戏事件: type=BattleEnemyIntentChanged, from=Player_1 (指纹=0xefed116840804664, 长度=373, 字段=Timestamp=639053109045490569 Round=1)
[Debug  :Network Plugin] [ReconnectionManager] Full snapshot created at 639052821218829337
[Info   :   Console] [服务器] 客户端已断开: 127.0.0.1:58659, 原因: RemoteConnectionClose
[Info   :Network Plugin] [服务器] 客户端已断开: 127.0.0.1:58659, 原因: RemoteConnectionClose
[Info   :   Console] [客户端] 网络客户端服务已停止。
[Info   :Network Plugin] [退出/返回主菜单] 已断开联机连接
[Info   :Network Plugin] [退出/返回主菜单] 当前在游戏局内，开始退出并返回主菜单
[Info   :Network Plugin] [继续游戏] 用户选择：作为房主继续并开启联机
[Info   :   Console] [客户端] 网络客户端已启动。
[Info   :Network Plugin] [客户端] 网络客户端已启动。
[Info   :   Console] [客户端] 正在连接服务器 127.0.0.1:7777（密钥: <已隐藏>）...
[Info   :Network Plugin] [客户端] 正在连接服务器 127.0.0.1:7777（密钥: <已隐藏>）...
[Info   :   Console] [服务器] 客户端已连接: 127.0.0.1:65002
[Info   :Network Plugin] [服务器] 客户端已连接: 127.0.0.1:65002
[Info   :   Console] [客户端] 已连接到服务器: 127.0.0.1:7777
[Info   :Network Plugin] [客户端] 已连接到服务器: 127.0.0.1:7777
[Info   :Network Plugin] [SyncManager] 网络连接已恢复，开始处理队列事件
[Info   :   Console] [客户端] 已发送游戏事件: FullStateSyncRequest (指纹=0x36de7e0d3cc92202, 长度=89, 预览="{\"RequestType\":\"FullSync\",\"RequestReason\":\"ManualRequest\",\"RequestId\":639052821489573778}")
[Debug  :Network Plugin] [客户端] 已发送游戏事件: FullStateSyncRequest (指纹=0x36de7e0d3cc92202, 长度=89, 预览="{\"RequestType\":\"FullSync\",\"RequestReason\":\"ManualRequest\",\"RequestId\":639052821489573778}")
[Info   :Network Plugin] [SyncManager] 发起完整状态同步请求: playerId=unknown_player, requestId=639052821489573778
[Info   :   Console] [客户端] 已发送游戏事件: OnConnectionEstablished (指纹=0x0503ed4d275e39a0, 长度=60, 字段=Timestamp=639053109489584803 PlayerId="unknown_player")
[Debug  :Network Plugin] [客户端] 已发送游戏事件: OnConnectionEstablished (指纹=0x0503ed4d275e39a0, 长度=60, 字段=Timestamp=639053109489584803 PlayerId="unknown_player")
[Info   :   Console] [客户端] 已发送游戏事件: PlayerJoined (指纹=0xc7003d902a73a02e, 长度=59, 字段=PlayerName="Player")
[Debug  :Network Plugin] [客户端] 已发送游戏事件: PlayerJoined (指纹=0xc7003d902a73a02e, 长度=59, 字段=PlayerName="Player")
[Info   :Network Plugin] [MainMenuMultiplayerEntry] 联机已连接，开始恢复存档进入游戏。
[Info   :   Console] [客户端] 收到游戏事件: PlayerListUpdate
[Debug  :Network Plugin] [客户端] 收到游戏事件: PlayerListUpdate
[Debug  :Network Plugin] [SyncManager] 接收到网络事件: PlayerListUpdate, 时间戳: 639053109489714979
[Debug  :Network Plugin] [SyncManager] 单个事件应用成功: PlayerListUpdate 来自 remote (时间戳: 2026/1/29 19:15:48)
[Debug  :Network Plugin] [SyncManager] 事件处理成功: PlayerListUpdate, 时间戳: 639053109489714979
[Info   :   Console] [客户端] 收到游戏事件: Welcome
[Debug  :Network Plugin] [客户端] 收到游戏事件: Welcome
[Debug  :Network Plugin] [SyncManager] 接收到网络事件: Welcome, 时间戳: 639053109489730002
[Debug  :Network Plugin] [SyncManager] 单个事件应用成功: Welcome 来自 remote (时间戳: 2026/1/29 19:15:48)
[Debug  :Network Plugin] [SyncManager] 事件处理成功: Welcome, 时间戳: 639053109489730002
[Info   :   Console] [服务器] 收到游戏事件: type=FullStateSyncRequest, from=Player_0 (指纹=0x36de7e0d3cc92202, 长度=89, 预览="{\"RequestType\":\"FullSync\",\"RequestReason\":\"ManualRequest\",\"RequestId\":639052821489573778}")
[Info   :   Console] [服务器] 玩家加入: Player (Player_0)
[Info   :   Console] [服务器] 收到游戏事件: type=OnConnectionEstablished, from=Player_0 (指纹=0x0503ed4d275e39a0, 长度=60, 字段=Timestamp=639053109489584803 PlayerId="unknown_player")
[Info   :   Console] [客户端] 收到游戏事件: PlayerListUpdate
[Debug  :Network Plugin] [客户端] 收到游戏事件: PlayerListUpdate
[Debug  :Network Plugin] [SyncManager] 接收到网络事件: PlayerListUpdate, 时间戳: 639053109489990391
[Debug  :Network Plugin] [SyncManager] 单个事件应用成功: PlayerListUpdate 来自 remote (时间戳: 2026/1/29 19:15:48)
[Debug  :Network Plugin] [SyncManager] 事件处理成功: PlayerListUpdate, 时间戳: 639053109489990391
[Debug  :Network Plugin] [DeathStateManager] All fake death records cleared
[Debug  :Network Plugin] [GameEventDeathSync] 战斗开始，死亡状态已重置
[Info   :   Console] [客户端] 已发送游戏事件: RoomStateUpload (指纹=0xd5dc7164150382f2, 长度=859, 字段=Timestamp=639052821516576062 Act=2 X=9 Y=3 RoomKey=<已脱敏> RoomVersion=0)
[Debug  :Network Plugin] [客户端] 已发送游戏事件: RoomStateUpload (指纹=0xd5dc7164150382f2, 长度=859, 字段=Timestamp=639052821516576062 Act=2 X=9 Y=3 RoomKey=<已脱敏> RoomVersion=0)
[Info   :   Console] [服务器] 收到游戏事件: type=RoomStateUpload, from=Player_0 (指纹=0xd5dc7164150382f2, 长度=859, 字段=Timestamp=639052821516576062 Act=2 X=9 Y=3 RoomKey=<已脱敏> RoomVersion=0)
[Debug  :Network Plugin] [ReconnectionManager] Full snapshot created at 639052821518832563
[Info   :   Console] [客户端] 已发送游戏事件: OnPlayerStateUpdate (指纹=0x1a6ff522e03757ef, 长度=234, 字段=Timestamp=639053109526476924 PlayerId="Player_0")
[Debug  :Network Plugin] [客户端] 已发送游戏事件: OnPlayerStateUpdate (指纹=0x1a6ff522e03757ef, 长度=234, 字段=Timestamp=639053109526476924 PlayerId="Player_0")
[Info   :   Console] [服务器] 收到游戏事件: type=OnPlayerStateUpdate, from=Player_0 (指纹=0x1a6ff522e03757ef, 长度=234, 字段=Timestamp=639053109526476924 PlayerId="Player_0")
[Info   :   Console] [客户端] 已发送游戏事件: ManaRegain (指纹=0x100507c107dbe231, 长度=615, 字段=Timestamp=639053109538169405 PlayerId="Reimu")
[Debug  :Network Plugin] [客户端] 已发送游戏事件: ManaRegain (指纹=0x100507c107dbe231, 长度=615, 字段=Timestamp=639053109538169405 PlayerId="Reimu")
[Info   :   Console] [服务器] 收到游戏事件: type=ManaRegain, from=Player_0 (指纹=0x100507c107dbe231, 长度=615, 字段=Timestamp=639053109538169405 PlayerId="Reimu")
[Info   :   Console] [客户端] 已发送游戏事件: ManaConsumeStarted (指纹=0xe3ee1f0412d874ae, 长度=498, 字段=Timestamp=639053109562064849 PlayerId="Reimu")
[Debug  :Network Plugin] [客户端] 已发送游戏事件: ManaConsumeStarted (指纹=0xe3ee1f0412d874ae, 长度=498, 字段=Timestamp=639053109562064849 PlayerId="Reimu")
[Info   :   Console] [服务器] 收到游戏事件: type=ManaConsumeStarted, from=Player_0 (指纹=0xe3ee1f0412d874ae, 长度=498, 字段=Timestamp=639053109562064849 PlayerId="Reimu")
[Info   :   Console] [客户端] 已发送游戏事件: CardStateChanged (指纹=0x8eeee6a85e84d8eb, 长度=553, 字段=Timestamp=639053109565489818 PlayerId="Reimu")
[Debug  :Network Plugin] [客户端] 已发送游戏事件: CardStateChanged (指纹=0x8eeee6a85e84d8eb, 长度=553, 字段=Timestamp=639053109565489818 PlayerId="Reimu")
[Info   :   Console] [服务器] 收到游戏事件: type=CardStateChanged, from=Player_0 (指纹=0x8eeee6a85e84d8eb, 长度=553, 字段=Timestamp=639053109565489818 PlayerId="Reimu")
[Info   :   Console] [客户端] 已发送游戏事件: ManaConsumeStarted (指纹=0x71d14f8a8b7143f8, 长度=498, 字段=Timestamp=639053109572266314 PlayerId="Reimu")
[Debug  :Network Plugin] [客户端] 已发送游戏事件: ManaConsumeStarted (指纹=0x71d14f8a8b7143f8, 长度=498, 字段=Timestamp=639053109572266314 PlayerId="Reimu")
[Info   :   Console] [客户端] 已发送游戏事件: ManaConsumeCompleted (指纹=0xd76796ad63c76119, 长度=499, 字段=Timestamp=639053109572266314 PlayerId="Reimu")
[Debug  :Network Plugin] [客户端] 已发送游戏事件: ManaConsumeCompleted (指纹=0xd76796ad63c76119, 长度=499, 字段=Timestamp=639053109572266314 PlayerId="Reimu")
[Info   :   Console] [服务器] 收到游戏事件: type=ManaConsumeStarted, from=Player_0 (指纹=0x71d14f8a8b7143f8, 长度=498, 字段=Timestamp=639053109572266314 PlayerId="Reimu")
[Info   :   Console] [服务器] 收到游戏事件: type=ManaConsumeCompleted, from=Player_0 (指纹=0xd76796ad63c76119, 长度=499, 字段=Timestamp=639053109572266314 PlayerId="Reimu")
[Info   :   Console] [客户端] 已发送游戏事件: CardStateChanged (指纹=0x6887d939554f6481, 长度=328, 字段=Timestamp=639053109574667072 PlayerId="Reimu")
[Debug  :Network Plugin] [客户端] 已发送游戏事件: CardStateChanged (指纹=0x6887d939554f6481, 长度=328, 字段=Timestamp=639053109574667072 PlayerId="Reimu")
[Info   :   Console] [客户端] 已发送游戏事件: CardStateChanged (指纹=0xe4b75a5d27d63f52, 长度=328, 字段=Timestamp=639053109574677200 PlayerId="Reimu")
[Debug  :Network Plugin] [客户端] 已发送游戏事件: CardStateChanged (指纹=0xe4b75a5d27d63f52, 长度=328, 字段=Timestamp=639053109574677200 PlayerId="Reimu")
[Info   :   Console] [服务器] 收到游戏事件: type=CardStateChanged, from=Player_0 (指纹=0x6887d939554f6481, 长度=328, 字段=Timestamp=639053109574667072 PlayerId="Reimu")
[Info   :   Console] [服务器] 收到游戏事件: type=CardStateChanged, from=Player_0 (指纹=0xe4b75a5d27d63f52, 长度=328, 字段=Timestamp=639053109574677200 PlayerId="Reimu")
[Info   :   Console] [客户端] 已发送游戏事件: ManaConsumeStarted (指纹=0x1326d066688653a1, 长度=498, 字段=Timestamp=639053109590557130 PlayerId="Reimu")
[Debug  :Network Plugin] [客户端] 已发送游戏事件: ManaConsumeStarted (指纹=0x1326d066688653a1, 长度=498, 字段=Timestamp=639053109590557130 PlayerId="Reimu")
[Info   :   Console] [客户端] 已发送游戏事件: ManaConsumeCompleted (指纹=0xc2a96370d6230b0b, 长度=499, 字段=Timestamp=639053109590572127 PlayerId="Reimu")
[Debug  :Network Plugin] [客户端] 已发送游戏事件: ManaConsumeCompleted (指纹=0xc2a96370d6230b0b, 长度=499, 字段=Timestamp=639053109590572127 PlayerId="Reimu")
[Info   :   Console] [服务器] 收到游戏事件: type=ManaConsumeStarted, from=Player_0 (指纹=0x1326d066688653a1, 长度=498, 字段=Timestamp=639053109590557130 PlayerId="Reimu")
[Info   :   Console] [服务器] 收到游戏事件: type=ManaConsumeCompleted, from=Player_0 (指纹=0xc2a96370d6230b0b, 长度=499, 字段=Timestamp=639053109590572127 PlayerId="Reimu")
[Info   :   Console] [客户端] 已发送游戏事件: OnPlayerStateUpdate (指纹=0x15179ec9b75dd9db, 长度=329, 字段=Timestamp=639053109596375542 PlayerId="Player_0" Round=1)
[Debug  :Network Plugin] [客户端] 已发送游戏事件: OnPlayerStateUpdate (指纹=0x15179ec9b75dd9db, 长度=329, 字段=Timestamp=639053109596375542 PlayerId="Player_0" Round=1)
[Info   :   Console] [服务器] 收到游戏事件: type=OnPlayerStateUpdate, from=Player_0 (指纹=0x15179ec9b75dd9db, 长度=329, 字段=Timestamp=639053109596375542 PlayerId="Player_0" Round=1)
[Info   :   Console] [客户端] 已发送游戏事件: ManaConsumeStarted (指纹=0x326288ca4b2dc0c8, 长度=498, 字段=Timestamp=639053109600469069 PlayerId="Reimu")
[Debug  :Network Plugin] [客户端] 已发送游戏事件: ManaConsumeStarted (指纹=0x326288ca4b2dc0c8, 长度=498, 字段=Timestamp=639053109600469069 PlayerId="Reimu")
[Info   :   Console] [客户端] 已发送游戏事件: ManaConsumeCompleted (指纹=0xea8901ce802975eb, 长度=499, 字段=Timestamp=639053109600484002 PlayerId="Reimu")
[Debug  :Network Plugin] [客户端] 已发送游戏事件: ManaConsumeCompleted (指纹=0xea8901ce802975eb, 长度=499, 字段=Timestamp=639053109600484002 PlayerId="Reimu")
[Info   :   Console] [服务器] 收到游戏事件: type=ManaConsumeStarted, from=Player_0 (指纹=0x326288ca4b2dc0c8, 长度=498, 字段=Timestamp=639053109600469069 PlayerId="Reimu")
[Info   :   Console] [服务器] 收到游戏事件: type=ManaConsumeCompleted, from=Player_0 (指纹=0xea8901ce802975eb, 长度=499, 字段=Timestamp=639053109600484002 PlayerId="Reimu")
[Info   :   Console] [客户端] 已发送游戏事件: OnPlayerStateUpdate (指纹=0xefd66d4744bf69e4, 长度=331, 字段=Timestamp=639053109606282209 PlayerId="Player_0" Round=1)
[Debug  :Network Plugin] [客户端] 已发送游戏事件: OnPlayerStateUpdate (指纹=0xefd66d4744bf69e4, 长度=331, 字段=Timestamp=639053109606282209 PlayerId="Player_0" Round=1)
[Info   :   Console] [服务器] 收到游戏事件: type=OnPlayerStateUpdate, from=Player_0 (指纹=0xefd66d4744bf69e4, 长度=331, 字段=Timestamp=639053109606282209 PlayerId="Player_0" Round=1)
[Info   :   Console] [客户端] 已发送游戏事件: EndTurnRequest (指纹=0xd617d0631715554b, 长度=92, 字段=Timestamp=639053109627752100 PlayerId="Player_0" Round=1)
[Debug  :Network Plugin] [客户端] 已发送游戏事件: EndTurnRequest (指纹=0xd617d0631715554b, 长度=92, 字段=Timestamp=639053109627752100 PlayerId="Player_0" Round=1)
[Info   :   Console] [客户端] 已发送游戏事件: RoomStateUpload (指纹=0x15b5f7be6468982f, 长度=859, 字段=Timestamp=639052821627764669 Act=2 X=9 Y=3 RoomKey=<已脱敏> RoomVersion=0)
[Debug  :Network Plugin] [客户端] 已发送游戏事件: RoomStateUpload (指纹=0x15b5f7be6468982f, 长度=859, 字段=Timestamp=639052821627764669 Act=2 X=9 Y=3 RoomKey=<已脱敏> RoomVersion=0)
[Info   :   Console] [服务器] 收到游戏事件: type=RoomStateUpload, from=Player_0 (指纹=0x15b5f7be6468982f, 长度=859, 字段=Timestamp=639052821627764669 Act=2 X=9 Y=3 RoomKey=<已脱敏> RoomVersion=0)
[Info   :   Console] [服务器] 收到游戏事件: type=EndTurnRequest, from=Player_0 (指纹=0xd617d0631715554b, 长度=92, 字段=Timestamp=639053109627752100 PlayerId="Player_0" Round=1)
[Info   :   Console] [服务器] 客户端已断开: 127.0.0.1:65002, 原因: RemoteConnectionClose
[Info   :Network Plugin] [服务器] 客户端已断开: 127.0.0.1:65002, 原因: RemoteConnectionClose
[Info   :   Console] [客户端] 网络客户端服务已停止。
[Info   :Network Plugin] [退出/返回主菜单] 已断开联机连接
[Info   :Network Plugin] [退出/返回主菜单] 当前在游戏局内，开始退出并返回主菜单
